seed,repeat,version,width,final_score_selection,score,seconds,over_2s,input_sha256,output_sha256,source_sha256,reference_commit,compiler,flags
70,0,original_w300,300,0,91110,1.833910304994788,0,f05d10b7bd5b57dd825923add05f9f6d43e25cc16150037c75c0d4345d50fcf1,8de31aa6d3bd80e02a3e084de6cd0c4d592887f0fc496287d213b39de2c6ddb5,620069d65d33c1b4863a21797ab963505818bdf1558c41947afaf15812ce394c,9c0252c95ab4767dba538d47cdfaf45be5796ee1,g++ (Ubuntu 13.3.0-6ubuntu2~24.04.1) 13.3.0,-std=c++17 -O2 -DNDEBUG -Wall -Wextra -DAHC021_BEAM_WIDTH=300
70,0,legacy_practice,0,-1,78055,0.4569249870037311,0,f05d10b7bd5b57dd825923add05f9f6d43e25cc16150037c75c0d4345d50fcf1,7cb3e756612eb0fd9c69764d025c228e8cae52ee1021e698eb1d3b323a8a568e,d74e40c2de41edd739f2b582b2be6051abf56e2191c8993077e15230d9637920,9c0252c95ab4767dba538d47cdfaf45be5796ee1,g++ (Ubuntu 13.3.0-6ubuntu2~24.04.1) 13.3.0,-std=c++17 -O2 -DNDEBUG -Wall -Wextra -DAHC021_BEAM_WIDTH=0
70,0,reference_w300,300,0,91110,1.5514169699963531,0,f05d10b7bd5b57dd825923add05f9f6d43e25cc16150037c75c0d4345d50fcf1,8de31aa6d3bd80e02a3e084de6cd0c4d592887f0fc496287d213b39de2c6ddb5,48335338bc47686ad8dee3458be7ef125c724fb9ce64dee33db63ce67aaa34d2,9c0252c95ab4767dba538d47cdfaf45be5796ee1,g++ (Ubuntu 13.3.0-6ubuntu2~24.04.1) 13.3.0,-std=c++17 -O2 -DNDEBUG -Wall -Wextra -DAHC021_BEAM_WIDTH=300
70,0,final_w300,300,1,91110,1.4629728510044515,0,f05d10b7bd5b57dd825923add05f9f6d43e25cc16150037c75c0d4345d50fcf1,8de31aa6d3bd80e02a3e084de6cd0c4d592887f0fc496287d213b39de2c6ddb5,cea484745ee105880c23529daf61e02a7829ddfcf24aebde822f9d3e65980487,9c0252c95ab4767dba538d47cdfaf45be5796ee1,g++ (Ubuntu 13.3.0-6ubuntu2~24.04.1) 13.3.0,-std=c++17 -O2 -DNDEBUG -Wall -Wextra -DAHC021_BEAM_WIDTH=300
70,0,ranked_w300,300,0,91110,1.5568721079980605,0,f05d10b7bd5b57dd825923add05f9f6d43e25cc16150037c75c0d4345d50fcf1,8de31aa6d3bd80e02a3e084de6cd0c4d592887f0fc496287d213b39de2c6ddb5,d2b55c476929b89f23f2a3324c53f7464def374349db3c2ba0ef5b471cf8a3bc,9c0252c95ab4767dba538d47cdfaf45be5796ee1,g++ (Ubuntu 13.3.0-6ubuntu2~24.04.1) 13.3.0,-std=c++17 -O2 -DNDEBUG -Wall -Wextra -DAHC021_BEAM_WIDTH=300
70,0,original_w40,40,0,90970,0.2505231980030658,0,f05d10b7bd5b57dd825923add05f9f6d43e25cc16150037c75c0d4345d50fcf1,601d6a0486a900813dbaff9c808591e7cd84bdac3347a42a08beb957a82ed195,620069d65d33c1b4863a21797ab963505818bdf1558c41947afaf15812ce394c,9c0252c95ab4767dba538d47cdfaf45be5796ee1,g++ (Ubuntu 13.3.0-6ubuntu2~24.04.1) 13.3.0,-std=c++17 -O2 -DNDEBUG -Wall -Wextra -DAHC021_BEAM_WIDTH=40
71,0,legacy_practice,0,-1,77060,0.3779985139990458,0,3817598224bfb592adca26eeb3121dac9506386f1294d65746f2a066172d6b03,c5445f9bd8fd476249ff46767d0f779ccdaf812c3c284ae197f128195e505f79,d74e40c2de41edd739f2b582b2be6051abf56e2191c8993077e15230d9637920,9c0252c95ab4767dba538d47cdfaf45be5796ee1,g++ (Ubuntu 13.3.0-6ubuntu2~24.04.1) 13.3.0,-std=c++17 -O2 -DNDEBUG -Wall -Wextra -DAHC021_BEAM_WIDTH=0
71,0,reference_w300,300,0,90740,1.4865046209961292,0,3817598224bfb592adca26eeb3121dac9506386f1294d65746f2a066172d6b03,5747aa8b0533f5cc1af9483e1d702f0213e8904b5a50f804c093be1619c9755c,48335338bc47686ad8dee3458be7ef125c724fb9ce64dee33db63ce67aaa34d2,9c0252c95ab4767dba538d47cdfaf45be5796ee1,g++ (Ubuntu 13.3.0-6ubuntu2~24.04.1) 13.3.0,-std=c++17 -O2 -DNDEBUG -Wall -Wextra -DAHC021_BEAM_WIDTH=300
71,0,final_w300,300,1,90740,1.4716557930005365,0,3817598224bfb592adca26eeb3121dac9506386f1294d65746f2a066172d6b03,5747aa8b0533f5cc1af9483e1d702f0213e8904b5a50f804c093be1619c9755c,cea484745ee105880c23529daf61e02a7829ddfcf24aebde822f9d3e65980487,9c0252c95ab4767dba538d47cdfaf45be5796ee1,g++ (Ubuntu 13.3.0-6ubuntu2~24.04.1) 13.3.0,-std=c++17 -O2 -DNDEBUG -Wall -Wextra -DAHC021_BEAM_WIDTH=300
71,0,ranked_w300,300,0,90740,1.4902424839965533,0,3817598224bfb592adca26eeb3121dac9506386f1294d65746f2a066172d6b03,5747aa8b0533f5cc1af9483e1d702f0213e8904b5a50f804c093be1619c9755c,d2b55c476929b89f23f2a3324c53f7464def374349db3c2ba0ef5b471cf8a3bc,9c0252c95ab4767dba538d47cdfaf45be5796ee1,g++ (Ubuntu 13.3.0-6ubuntu2~24.04.1) 13.3.0,-std=c++17 -O2 -DNDEBUG -Wall -Wextra -DAHC021_BEAM_WIDTH=300
71,0,original_w40,40,0,90590,0.2559920299972873,0,3817598224bfb592adca26eeb3121dac9506386f1294d65746f2a066172d6b03,98f42864bd543f9fec259c80bbc575abeabab1abbea1a51847605005e4bec969,620069d65d33c1b4863a21797ab963505818bdf1558c41947afaf15812ce394c,9c0252c95ab4767dba538d47cdfaf45be5796ee1,g++ (Ubuntu 13.3.0-6ubuntu2~24.04.1) 13.3.0,-std=c++17 -O2 -DNDEBUG -Wall -Wextra -DAHC021_BEAM_WIDTH=40
71,0,original_w300,300,0,90740,1.8278184959999635,0,3817598224bfb592adca26eeb3121dac9506386f1294d65746f2a066172d6b03,5747aa8b0533f5cc1af9483e1d702f0213e8904b5a50f804c093be1619c9755c,620069d65d33c1b4863a21797ab963505818bdf1558c41947afaf15812ce394c,9c0252c95ab4767dba538d47cdfaf45be5796ee1,g++ (Ubuntu 13.3.0-6ubuntu2~24.04.1) 13.3.0,-std=c++17 -O2 -DNDEBUG -Wall -Wextra -DAHC021_BEAM_WIDTH=300
72,0,reference_w300,300,0,90205,1.5191384669960826,0,867b1d11bab472433bb19fe02e77d231c67db424b1d7b50ea00b0b76e8218afa,82d778fbc3268f9c921cda6f6c45476ef9d42ccba2c31c6c85969a1e4f6e469f,48335338bc47686ad8dee3458be7ef125c724fb9ce64dee33db63ce67aaa34d2,9c0252c95ab4767dba538d47cdfaf45be5796ee1,g++ (Ubuntu 13.3.0-6ubuntu2~24.04.1) 13.3.0,-std=c++17 -O2 -DNDEBUG -Wall -Wextra -DAHC021_BEAM_WIDTH=300
72,0,final_w300,300,1,90205,1.4886488690026454,0,867b1d11bab472433bb19fe02e77d231c67db424b1d7b50ea00b0b76e8218afa,82d778fbc3268f9c921cda6f6c45476ef9d42ccba2c31c6c85969a1e4f6e469f,cea484745ee105880c23529daf61e02a7829ddfcf24aebde822f9d3e65980487,9c0252c95ab4767dba538d47cdfaf45be5796ee1,g++ (Ubuntu 13.3.0-6ubuntu2~24.04.1) 13.3.0,-std=c++17 -O2 -DNDEBUG -Wall -Wextra -DAHC021_BEAM_WIDTH=300
72,0,ranked_w300,300,0,90205,1.5294040990047506,0,867b1d11bab472433bb19fe02e77d231c67db424b1d7b50ea00b0b76e8218afa,82d778fbc3268f9c921cda6f6c45476ef9d42ccba2c31c6c85969a1e4f6e469f,d2b55c476929b89f23f2a3324c53f7464def374349db3c2ba0ef5b471cf8a3bc,9c0252c95ab4767dba538d47cdfaf45be5796ee1,g++ (Ubuntu 13.3.0-6ubuntu2~24.04.1) 13.3.0,-std=c++17 -O2 -DNDEBUG -Wall -Wextra -DAHC021_BEAM_WIDTH=300
72,0,original_w40,40,0,90050,0.2572626959954505,0,867b1d11bab472433bb19fe02e77d231c67db424b1d7b50ea00b0b76e8218afa,8512b479122016f1504d3d5468fbfc27b7c980c2ac060848f123a10a47562f45,620069d65d33c1b4863a21797ab963505818bdf1558c41947afaf15812ce394c,9c0252c95ab4767dba538d47cdfaf45be5796ee1,g++ (Ubuntu 13.3.0-6ubuntu2~24.04.1) 13.3.0,-std=c++17 -O2 -DNDEBUG -Wall -Wextra -DAHC021_BEAM_WIDTH=40
72,0,original_w300,300,0,90205,1.8570544660033192,0,867b1d11bab472433bb19fe02e77d231c67db424b1d7b50ea00b0b76e8218afa,82d778fbc3268f9c921cda6f6c45476ef9d42ccba2c31c6c85969a1e4f6e469f,620069d65d33c1b4863a21797ab963505818bdf1558c41947afaf15812ce394c,9c0252c95ab4767dba538d47cdfaf45be5796ee1,g++ (Ubuntu 13.3.0-6ubuntu2~24.04.1) 13.3.0,-std=c++17 -O2 -DNDEBUG -Wall -Wextra -DAHC021_BEAM_WIDTH=300
72,0,legacy_practice,0,-1,75925,0.18947930799913593,0,867b1d11bab472433bb19fe02e77d231c67db424b1d7b50ea00b0b76e8218afa,3aca2832bcd97902285eaf26a69f4cd845e3b997497d40ff7d21f27591667452,d74e40c2de41edd739f2b582b2be6051abf56e2191c8993077e15230d9637920,9c0252c95ab4767dba538d47cdfaf45be5796ee1,g++ (Ubuntu 13.3.0-6ubuntu2~24.04.1) 13.3.0,-std=c++17 -O2 -DNDEBUG -Wall -Wextra -DAHC021_BEAM_WIDTH=0
73,0,final_w300,300,1,90675,1.5188943300017854,0,8b2a2119f823c35769b692632749d5b873622d5298d6bfa5c533a96578e1b17a,8e9f61f1534875f4a12e96a45630f986c480f66e6802b48b56ea774c5b962ea0,cea484745ee105880c23529daf61e02a7829ddfcf24aebde822f9d3e65980487,9c0252c95ab4767dba538d47cdfaf45be5796ee1,g++ (Ubuntu 13.3.0-6ubuntu2~24.04.1) 13.3.0,-std=c++17 -O2 -DNDEBUG -Wall -Wextra -DAHC021_BEAM_WIDTH=300
73,0,ranked_w300,300,0,90675,1.5614953550029895,0,8b2a2119f823c35769b692632749d5b873622d5298d6bfa5c533a96578e1b17a,8e9f61f1534875f4a12e96a45630f986c480f66e6802b48b56ea774c5b962ea0,d2b55c476929b89f23f2a3324c53f7464def374349db3c2ba0ef5b471cf8a3bc,9c0252c95ab4767dba538d47cdfaf45be5796ee1,g++ (Ubuntu 13.3.0-6ubuntu2~24.04.1) 13.3.0,-std=c++17 -O2 -DNDEBUG -Wall -Wextra -DAHC021_BEAM_WIDTH=300
73,0,original_w40,40,0,90585,0.269002820001333,0,8b2a2119f823c35769b692632749d5b873622d5298d6bfa5c533a96578e1b17a,b188b646dcc1fe53bbb30faf747e78215460cb8fb047f180546cbb1f01aceaa4,620069d65d33c1b4863a21797ab963505818bdf1558c41947afaf15812ce394c,9c0252c95ab4767dba538d47cdfaf45be5796ee1,g++ (Ubuntu 13.3.0-6ubuntu2~24.04.1) 13.3.0,-std=c++17 -O2 -DNDEBUG -Wall -Wextra -DAHC021_BEAM_WIDTH=40
73,0,original_w300,300,0,90675,1.9023141310026404,0,8b2a2119f823c35769b692632749d5b873622d5298d6bfa5c533a96578e1b17a,8e9f61f1534875f4a12e96a45630f986c480f66e6802b48b56ea774c5b962ea0,620069d65d33c1b4863a21797ab963505818bdf1558c41947afaf15812ce394c,9c0252c95ab4767dba538d47cdfaf45be5796ee1,g++ (Ubuntu 13.3.0-6ubuntu2~24.04.1) 13.3.0,-std=c++17 -O2 -DNDEBUG -Wall -Wextra -DAHC021_BEAM_WIDTH=300
73,0,legacy_practice,0,-1,73920,0.3020881459960947,0,8b2a2119f823c35769b692632749d5b873622d5298d6bfa5c533a96578e1b17a,e9303c6f4afa7473cfe5bfed1388c11a09a16ba3ee676122284e78588dd6b04e,d74e40c2de41edd739f2b582b2be6051abf56e2191c8993077e15230d9637920,9c0252c95ab4767dba538d47cdfaf45be5796ee1,g++ (Ubuntu 13.3.0-6ubuntu2~24.04.1) 13.3.0,-std=c++17 -O2 -DNDEBUG -Wall -Wextra -DAHC021_BEAM_WIDTH=0
73,0,reference_w300,300,0,90675,1.54710633099603,0,8b2a2119f823c35769b692632749d5b873622d5298d6bfa5c533a96578e1b17a,8e9f61f1534875f4a12e96a45630f986c480f66e6802b48b56ea774c5b962ea0,48335338bc47686ad8dee3458be7ef125c724fb9ce64dee33db63ce67aaa34d2,9c0252c95ab4767dba538d47cdfaf45be5796ee1,g++ (Ubuntu 13.3.0-6ubuntu2~24.04.1) 13.3.0,-std=c++17 -O2 -DNDEBUG -Wall -Wextra -DAHC021_BEAM_WIDTH=300
74,0,ranked_w300,300,0,90685,1.5098945189965889,0,8de2fbc2c4b812b9306542b1f9b81038ba143e56b4f0e6e01054274d36414698,286ed2bbd45dd9bc9c54a258f510a1b09f8a5c3204355b7a7844d84529f21dc8,d2b55c476929b89f23f2a3324c53f7464def374349db3c2ba0ef5b471cf8a3bc,9c0252c95ab4767dba538d47cdfaf45be5796ee1,g++ (Ubuntu 13.3.0-6ubuntu2~24.04.1) 13.3.0,-std=c++17 -O2 -DNDEBUG -Wall -Wextra -DAHC021_BEAM_WIDTH=300
74,0,original_w40,40,0,90560,0.25173068400181364,0,8de2fbc2c4b812b9306542b1f9b81038ba143e56b4f0e6e01054274d36414698,84e890d7bebf68370180c225372f3eb6349a2dbe34d7f7e911d127acdbaea267,620069d65d33c1b4863a21797ab963505818bdf1558c41947afaf15812ce394c,9c0252c95ab4767dba538d47cdfaf45be5796ee1,g++ (Ubuntu 13.3.0-6ubuntu2~24.04.1) 13.3.0,-std=c++17 -O2 -DNDEBUG -Wall -Wextra -DAHC021_BEAM_WIDTH=40
74,0,original_w300,300,0,90685,1.8966917180005112,0,8de2fbc2c4b812b9306542b1f9b81038ba143e56b4f0e6e01054274d36414698,286ed2bbd45dd9bc9c54a258f510a1b09f8a5c3204355b7a7844d84529f21dc8,620069d65d33c1b4863a21797ab963505818bdf1558c41947afaf15812ce394c,9c0252c95ab4767dba538d47cdfaf45be5796ee1,g++ (Ubuntu 13.3.0-6ubuntu2~24.04.1) 13.3.0,-std=c++17 -O2 -DNDEBUG -Wall -Wextra -DAHC021_BEAM_WIDTH=300
74,0,legacy_practice,0,-1,77355,0.23229266800626647,0,8de2fbc2c4b812b9306542b1f9b81038ba143e56b4f0e6e01054274d36414698,c7f2c2e9f9f9fb972a3c9d1e815f6364cf8ad8b6fa02c969ce02327ec305745e,d74e40c2de41edd739f2b582b2be6051abf56e2191c8993077e15230d9637920,9c0252c95ab4767dba538d47cdfaf45be5796ee1,g++ (Ubuntu 13.3.0-6ubuntu2~24.04.1) 13.3.0,-std=c++17 -O2 -DNDEBUG -Wall -Wextra -DAHC021_BEAM_WIDTH=0
74,0,reference_w300,300,0,90685,1.5355603079951834,0,8de2fbc2c4b812b9306542b1f9b81038ba143e56b4f0e6e01054274d36414698,286ed2bbd45dd9bc9c54a258f510a1b09f8a5c3204355b7a7844d84529f21dc8,48335338bc47686ad8dee3458be7ef125c724fb9ce64dee33db63ce67aaa34d2,9c0252c95ab4767dba538d47cdfaf45be5796ee1,g++ (Ubuntu 13.3.0-6ubuntu2~24.04.1) 13.3.0,-std=c++17 -O2 -DNDEBUG -Wall -Wextra -DAHC021_BEAM_WIDTH=300
74,0,final_w300,300,1,90685,1.4978569230006542,0,8de2fbc2c4b812b9306542b1f9b81038ba143e56b4f0e6e01054274d36414698,286ed2bbd45dd9bc9c54a258f510a1b09f8a5c3204355b7a7844d84529f21dc8,cea484745ee105880c23529daf61e02a7829ddfcf24aebde822f9d3e65980487,9c0252c95ab4767dba538d47cdfaf45be5796ee1,g++ (Ubuntu 13.3.0-6ubuntu2~24.04.1) 13.3.0,-std=c++17 -O2 -DNDEBUG -Wall -Wextra -DAHC021_BEAM_WIDTH=300
75,0,original_w40,40,0,90000,0.26653812100266805,0,df9735b1036bdbbf742af82c0a2b91304af3d182edd17e6d6256636853674caf,a3bca6a356ad6f2f63c2ceb3ed872f139fee72f47d4509b1619e5f866e8b3a0c,620069d65d33c1b4863a21797ab963505818bdf1558c41947afaf15812ce394c,9c0252c95ab4767dba538d47cdfaf45be5796ee1,g++ (Ubuntu 13.3.0-6ubuntu2~24.04.1) 13.3.0,-std=c++17 -O2 -DNDEBUG -Wall -Wextra -DAHC021_BEAM_WIDTH=40
75,0,original_w300,300,0,90405,1.8532524430047488,0,df9735b1036bdbbf742af82c0a2b91304af3d182edd17e6d6256636853674caf,ff7cc2515d8bbdc9ad8be12847e3c8839eb58e16c6f4bc11c7edeaad7c3e256b,620069d65d33c1b4863a21797ab963505818bdf1558c41947afaf15812ce394c,9c0252c95ab4767dba538d47cdfaf45be5796ee1,g++ (Ubuntu 13.3.0-6ubuntu2~24.04.1) 13.3.0,-std=c++17 -O2 -DNDEBUG -Wall -Wextra -DAHC021_BEAM_WIDTH=300
75,0,legacy_practice,0,-1,77115,0.3212049300054787,0,df9735b1036bdbbf742af82c0a2b91304af3d182edd17e6d6256636853674caf,9c189cf9a53f55e9faf2a42484f3a59ef760711d6a006f57fee4c1c44b44b929,d74e40c2de41edd739f2b582b2be6051abf56e2191c8993077e15230d9637920,9c0252c95ab4767dba538d47cdfaf45be5796ee1,g++ (Ubuntu 13.3.0-6ubuntu2~24.04.1) 13.3.0,-std=c++17 -O2 -DNDEBUG -Wall -Wextra -DAHC021_BEAM_WIDTH=0
75,0,reference_w300,300,0,90405,1.5339831419987604,0,df9735b1036bdbbf742af82c0a2b91304af3d182edd17e6d6256636853674caf,ff7cc2515d8bbdc9ad8be12847e3c8839eb58e16c6f4bc11c7edeaad7c3e256b,48335338bc47686ad8dee3458be7ef125c724fb9ce64dee33db63ce67aaa34d2,9c0252c95ab4767dba538d47cdfaf45be5796ee1,g++ (Ubuntu 13.3.0-6ubuntu2~24.04.1) 13.3.0,-std=c++17 -O2 -DNDEBUG -Wall -Wextra -DAHC021_BEAM_WIDTH=300
75,0,final_w300,300,1,90410,1.4931128370008082,0,df9735b1036bdbbf742af82c0a2b91304af3d182edd17e6d6256636853674caf,501817d83fc51c47600f994d18827074822750d3af55a9d7cd6847cb50c168e9,cea484745ee105880c23529daf61e02a7829ddfcf24aebde822f9d3e65980487,9c0252c95ab4767dba538d47cdfaf45be5796ee1,g++ (Ubuntu 13.3.0-6ubuntu2~24.04.1) 13.3.0,-std=c++17 -O2 -DNDEBUG -Wall -Wextra -DAHC021_BEAM_WIDTH=300
75,0,ranked_w300,300,0,90405,1.4959267000012915,0,df9735b1036bdbbf742af82c0a2b91304af3d182edd17e6d6256636853674caf,ff7cc2515d8bbdc9ad8be12847e3c8839eb58e16c6f4bc11c7edeaad7c3e256b,d2b55c476929b89f23f2a3324c53f7464def374349db3c2ba0ef5b471cf8a3bc,9c0252c95ab4767dba538d47cdfaf45be5796ee1,g++ (Ubuntu 13.3.0-6ubuntu2~24.04.1) 13.3.0,-std=c++17 -O2 -DNDEBUG -Wall -Wextra -DAHC021_BEAM_WIDTH=300
76,0,original_w300,300,0,90925,1.896289065000019,0,aaaec25497f3632ddd4d1365109778763fff5045a879c8bc7994be2d6d6b1d63,5ce511a3c91da824ca62aae66416e13778e4eb8a4660674000412f4ffb61536b,620069d65d33c1b4863a21797ab963505818bdf1558c41947afaf15812ce394c,9c0252c95ab4767dba538d47cdfaf45be5796ee1,g++ (Ubuntu 13.3.0-6ubuntu2~24.04.1) 13.3.0,-std=c++17 -O2 -DNDEBUG -Wall -Wextra -DAHC021_BEAM_WIDTH=300
76,0,legacy_practice,0,-1,76595,0.5943260749991168,0,aaaec25497f3632ddd4d1365109778763fff5045a879c8bc7994be2d6d6b1d63,b66c581cffe0a38de1384011ceab94c69a4b0dec0a2bc7bc55e43f2ff8f299d5,d74e40c2de41edd739f2b582b2be6051abf56e2191c8993077e15230d9637920,9c0252c95ab4767dba538d47cdfaf45be5796ee1,g++ (Ubuntu 13.3.0-6ubuntu2~24.04.1) 13.3.0,-std=c++17 -O2 -DNDEBUG -Wall -Wextra -DAHC021_BEAM_WIDTH=0
76,0,reference_w300,300,0,90925,1.48323772099684,0,aaaec25497f3632ddd4d1365109778763fff5045a879c8bc7994be2d6d6b1d63,5ce511a3c91da824ca62aae66416e13778e4eb8a4660674000412f4ffb61536b,48335338bc47686ad8dee3458be7ef125c724fb9ce64dee33db63ce67aaa34d2,9c0252c95ab4767dba538d47cdfaf45be5796ee1,g++ (Ubuntu 13.3.0-6ubuntu2~24.04.1) 13.3.0,-std=c++17 -O2 -DNDEBUG -Wall -Wextra -DAHC021_BEAM_WIDTH=300
76,0,final_w300,300,1,90925,1.4814259630002198,0,aaaec25497f3632ddd4d1365109778763fff5045a879c8bc7994be2d6d6b1d63,5ce511a3c91da824ca62aae66416e13778e4eb8a4660674000412f4ffb61536b,cea484745ee105880c23529daf61e02a7829ddfcf24aebde822f9d3e65980487,9c0252c95ab4767dba538d47cdfaf45be5796ee1,g++ (Ubuntu 13.3.0-6ubuntu2~24.04.1) 13.3.0,-std=c++17 -O2 -DNDEBUG -Wall -Wextra -DAHC021_BEAM_WIDTH=300
76,0,ranked_w300,300,0,90925,1.4826918929975363,0,aaaec25497f3632ddd4d1365109778763fff5045a879c8bc7994be2d6d6b1d63,5ce511a3c91da824ca62aae66416e13778e4eb8a4660674000412f4ffb61536b,d2b55c476929b89f23f2a3324c53f7464def374349db3c2ba0ef5b471cf8a3bc,9c0252c95ab4767dba538d47cdfaf45be5796ee1,g++ (Ubuntu 13.3.0-6ubuntu2~24.04.1) 13.3.0,-std=c++17 -O2 -DNDEBUG -Wall -Wextra -DAHC021_BEAM_WIDTH=300
76,0,original_w40,40,0,90860,0.2512181420024717,0,aaaec25497f3632ddd4d1365109778763fff5045a879c8bc7994be2d6d6b1d63,baef0256db74874d72878b0ae4dd31adb30df78cca28551dc786f96f1e307fd4,620069d65d33c1b4863a21797ab963505818bdf1558c41947afaf15812ce394c,9c0252c95ab4767dba538d47cdfaf45be5796ee1,g++ (Ubuntu 13.3.0-6ubuntu2~24.04.1) 13.3.0,-std=c++17 -O2 -DNDEBUG -Wall -Wextra -DAHC021_BEAM_WIDTH=40
77,0,legacy_practice,0,-1,76220,0.526748188000056,0,8782ba54ceab6fde6d6003f7707e719058432a1ff6b3ca4606a349f3a650c837,cde726e2ac621e3905d3063afc9d9fe7afb037c111389554f9237c78e50d2b7f,d74e40c2de41edd739f2b582b2be6051abf56e2191c8993077e15230d9637920,9c0252c95ab4767dba538d47cdfaf45be5796ee1,g++ (Ubuntu 13.3.0-6ubuntu2~24.04.1) 13.3.0,-std=c++17 -O2 -DNDEBUG -Wall -Wextra -DAHC021_BEAM_WIDTH=0
77,0,reference_w300,300,0,90450,1.4886978809954599,0,8782ba54ceab6fde6d6003f7707e719058432a1ff6b3ca4606a349f3a650c837,6f8743a71b9d0d46184de596dfbcff507edc0afff4ee4d9859a53687f53a872d,48335338bc47686ad8dee3458be7ef125c724fb9ce64dee33db63ce67aaa34d2,9c0252c95ab4767dba538d47cdfaf45be5796ee1,g++ (Ubuntu 13.3.0-6ubuntu2~24.04.1) 13.3.0,-std=c++17 -O2 -DNDEBUG -Wall -Wextra -DAHC021_BEAM_WIDTH=300
77,0,final_w300,300,1,90450,1.4787640860013198,0,8782ba54ceab6fde6d6003f7707e719058432a1ff6b3ca4606a349f3a650c837,6f8743a71b9d0d46184de596dfbcff507edc0afff4ee4d9859a53687f53a872d,cea484745ee105880c23529daf61e02a7829ddfcf24aebde822f9d3e65980487,9c0252c95ab4767dba538d47cdfaf45be5796ee1,g++ (Ubuntu 13.3.0-6ubuntu2~24.04.1) 13.3.0,-std=c++17 -O2 -DNDEBUG -Wall -Wextra -DAHC021_BEAM_WIDTH=300
77,0,ranked_w300,300,0,90450,1.461205476000032,0,8782ba54ceab6fde6d6003f7707e719058432a1ff6b3ca4606a349f3a650c837,6f8743a71b9d0d46184de596dfbcff507edc0afff4ee4d9859a53687f53a872d,d2b55c476929b89f23f2a3324c53f7464def374349db3c2ba0ef5b471cf8a3bc,9c0252c95ab4767dba538d47cdfaf45be5796ee1,g++ (Ubuntu 13.3.0-6ubuntu2~24.04.1) 13.3.0,-std=c++17 -O2 -DNDEBUG -Wall -Wextra -DAHC021_BEAM_WIDTH=300
77,0,original_w40,40,0,90465,0.2490085609970265,0,8782ba54ceab6fde6d6003f7707e719058432a1ff6b3ca4606a349f3a650c837,3f6ae9414350316815cfbc8702d2793114b72daaacca9e549cedc654df3d74f9,620069d65d33c1b4863a21797ab963505818bdf1558c41947afaf15812ce394c,9c0252c95ab4767dba538d47cdfaf45be5796ee1,g++ (Ubuntu 13.3.0-6ubuntu2~24.04.1) 13.3.0,-std=c++17 -O2 -DNDEBUG -Wall -Wextra -DAHC021_BEAM_WIDTH=40
77,0,original_w300,300,0,90450,1.7993050680015585,0,8782ba54ceab6fde6d6003f7707e719058432a1ff6b3ca4606a349f3a650c837,6f8743a71b9d0d46184de596dfbcff507edc0afff4ee4d9859a53687f53a872d,620069d65d33c1b4863a21797ab963505818bdf1558c41947afaf15812ce394c,9c0252c95ab4767dba538d47cdfaf45be5796ee1,g++ (Ubuntu 13.3.0-6ubuntu2~24.04.1) 13.3.0,-std=c++17 -O2 -DNDEBUG -Wall -Wextra -DAHC021_BEAM_WIDTH=300
78,0,reference_w300,300,0,90470,1.5170460769950296,0,8a0c21c2379b0ce8bef4462549dccb1ebdade832c483fb52f70c3df06154ebc2,88e47813f7ed03099ac9c855cb590efdab8ab05b0352571628f6f63a06c56a6e,48335338bc47686ad8dee3458be7ef125c724fb9ce64dee33db63ce67aaa34d2,9c0252c95ab4767dba538d47cdfaf45be5796ee1,g++ (Ubuntu 13.3.0-6ubuntu2~24.04.1) 13.3.0,-std=c++17 -O2 -DNDEBUG -Wall -Wextra -DAHC021_BEAM_WIDTH=300
78,0,final_w300,300,1,90470,1.4846955399989383,0,8a0c21c2379b0ce8bef4462549dccb1ebdade832c483fb52f70c3df06154ebc2,88e47813f7ed03099ac9c855cb590efdab8ab05b0352571628f6f63a06c56a6e,cea484745ee105880c23529daf61e02a7829ddfcf24aebde822f9d3e65980487,9c0252c95ab4767dba538d47cdfaf45be5796ee1,g++ (Ubuntu 13.3.0-6ubuntu2~24.04.1) 13.3.0,-std=c++17 -O2 -DNDEBUG -Wall -Wextra -DAHC021_BEAM_WIDTH=300
78,0,ranked_w300,300,0,90470,1.5558813609968638,0,8a0c21c2379b0ce8bef4462549dccb1ebdade832c483fb52f70c3df06154ebc2,88e47813f7ed03099ac9c855cb590efdab8ab05b0352571628f6f63a06c56a6e,d2b55c476929b89f23f2a3324c53f7464def374349db3c2ba0ef5b471cf8a3bc,9c0252c95ab4767dba538d47cdfaf45be5796ee1,g++ (Ubuntu 13.3.0-6ubuntu2~24.04.1) 13.3.0,-std=c++17 -O2 -DNDEBUG -Wall -Wextra -DAHC021_BEAM_WIDTH=300
78,0,original_w40,40,0,90280,0.2654930429998785,0,8a0c21c2379b0ce8bef4462549dccb1ebdade832c483fb52f70c3df06154ebc2,f193025ed6295798ecadbe59ed0a1f7e31682e3462fe9c384d14c6853632628c,620069d65d33c1b4863a21797ab963505818bdf1558c41947afaf15812ce394c,9c0252c95ab4767dba538d47cdfaf45be5796ee1,g++ (Ubuntu 13.3.0-6ubuntu2~24.04.1) 13.3.0,-std=c++17 -O2 -DNDEBUG -Wall -Wextra -DAHC021_BEAM_WIDTH=40
78,0,original_w300,300,0,90470,1.8809901589993387,0,8a0c21c2379b0ce8bef4462549dccb1ebdade832c483fb52f70c3df06154ebc2,88e47813f7ed03099ac9c855cb590efdab8ab05b0352571628f6f63a06c56a6e,620069d65d33c1b4863a21797ab963505818bdf1558c41947afaf15812ce394c,9c0252c95ab4767dba538d47cdfaf45be5796ee1,g++ (Ubuntu 13.3.0-6ubuntu2~24.04.1) 13.3.0,-std=c++17 -O2 -DNDEBUG -Wall -Wextra -DAHC021_BEAM_WIDTH=300
78,0,legacy_practice,0,-1,77765,0.6556173559947638,0,8a0c21c2379b0ce8bef4462549dccb1ebdade832c483fb52f70c3df06154ebc2,09b22032097cb7f578bae52b28614c83216b41eea022586e7fa618105c525d88,d74e40c2de41edd739f2b582b2be6051abf56e2191c8993077e15230d9637920,9c0252c95ab4767dba538d47cdfaf45be5796ee1,g++ (Ubuntu 13.3.0-6ubuntu2~24.04.1) 13.3.0,-std=c++17 -O2 -DNDEBUG -Wall -Wextra -DAHC021_BEAM_WIDTH=0
79,0,final_w300,300,1,91420,1.47316134400171,0,1e60fee647ee60fb4d8b33b862fbc72c7ef6f6abf7eba4044d79c51673500fc9,259efadb994aebe767bb9620e04d06bfad1fd3b54526c2fe8bf1bac09a8323f2,cea484745ee105880c23529daf61e02a7829ddfcf24aebde822f9d3e65980487,9c0252c95ab4767dba538d47cdfaf45be5796ee1,g++ (Ubuntu 13.3.0-6ubuntu2~24.04.1) 13.3.0,-std=c++17 -O2 -DNDEBUG -Wall -Wextra -DAHC021_BEAM_WIDTH=300
79,0,ranked_w300,300,0,91420,1.5380496489960933,0,1e60fee647ee60fb4d8b33b862fbc72c7ef6f6abf7eba4044d79c51673500fc9,259efadb994aebe767bb9620e04d06bfad1fd3b54526c2fe8bf1bac09a8323f2,d2b55c476929b89f23f2a3324c53f7464def374349db3c2ba0ef5b471cf8a3bc,9c0252c95ab4767dba538d47cdfaf45be5796ee1,g++ (Ubuntu 13.3.0-6ubuntu2~24.04.1) 13.3.0,-std=c++17 -O2 -DNDEBUG -Wall -Wextra -DAHC021_BEAM_WIDTH=300
79,0,original_w40,40,0,91365,0.25839904799795477,0,1e60fee647ee60fb4d8b33b862fbc72c7ef6f6abf7eba4044d79c51673500fc9,2655679028c072dbd95ab38c5e658a3c30d749afc4df7012e94554190d0923e5,620069d65d33c1b4863a21797ab963505818bdf1558c41947afaf15812ce394c,9c0252c95ab4767dba538d47cdfaf45be5796ee1,g++ (Ubuntu 13.3.0-6ubuntu2~24.04.1) 13.3.0,-std=c++17 -O2 -DNDEBUG -Wall -Wextra -DAHC021_BEAM_WIDTH=40
79,0,original_w300,300,0,91420,1.8637361649962259,0,1e60fee647ee60fb4d8b33b862fbc72c7ef6f6abf7eba4044d79c51673500fc9,259efadb994aebe767bb9620e04d06bfad1fd3b54526c2fe8bf1bac09a8323f2,620069d65d33c1b4863a21797ab963505818bdf1558c41947afaf15812ce394c,9c0252c95ab4767dba538d47cdfaf45be5796ee1,g++ (Ubuntu 13.3.0-6ubuntu2~24.04.1) 13.3.0,-std=c++17 -O2 -DNDEBUG -Wall -Wextra -DAHC021_BEAM_WIDTH=300
79,0,legacy_practice,0,-1,78275,0.28265307499532355,0,1e60fee647ee60fb4d8b33b862fbc72c7ef6f6abf7eba4044d79c51673500fc9,94f8ea6e68b2b885bcc56a963e592428377d179afaeb47ab7b94b407552c3f72,d74e40c2de41edd739f2b582b2be6051abf56e2191c8993077e15230d9637920,9c0252c95ab4767dba538d47cdfaf45be5796ee1,g++ (Ubuntu 13.3.0-6ubuntu2~24.04.1) 13.3.0,-std=c++17 -O2 -DNDEBUG -Wall -Wextra -DAHC021_BEAM_WIDTH=0
79,0,reference_w300,300,0,91420,1.5388724479998928,0,1e60fee647ee60fb4d8b33b862fbc72c7ef6f6abf7eba4044d79c51673500fc9,259efadb994aebe767bb9620e04d06bfad1fd3b54526c2fe8bf1bac09a8323f2,48335338bc47686ad8dee3458be7ef125c724fb9ce64dee33db63ce67aaa34d2,9c0252c95ab4767dba538d47cdfaf45be5796ee1,g++ (Ubuntu 13.3.0-6ubuntu2~24.04.1) 13.3.0,-std=c++17 -O2 -DNDEBUG -Wall -Wextra -DAHC021_BEAM_WIDTH=300
80,0,ranked_w300,300,0,90620,1.573344148004253,0,2e1206bdeb252fe9ce89c46a3299a18e11baa39c546c131945fb734cf7680ac9,6845f133b1bf5b74223754124c4ce48bb7d8e06a8b6f870f0664af66c3baebbd,d2b55c476929b89f23f2a3324c53f7464def374349db3c2ba0ef5b471cf8a3bc,9c0252c95ab4767dba538d47cdfaf45be5796ee1,g++ (Ubuntu 13.3.0-6ubuntu2~24.04.1) 13.3.0,-std=c++17 -O2 -DNDEBUG -Wall -Wextra -DAHC021_BEAM_WIDTH=300
80,0,original_w40,40,0,90685,0.25358861399581656,0,2e1206bdeb252fe9ce89c46a3299a18e11baa39c546c131945fb734cf7680ac9,63cf6a5e41c08905789db23e7877c319c432deccf37cc9f5f73c7eae5e453a43,620069d65d33c1b4863a21797ab963505818bdf1558c41947afaf15812ce394c,9c0252c95ab4767dba538d47cdfaf45be5796ee1,g++ (Ubuntu 13.3.0-6ubuntu2~24.04.1) 13.3.0,-std=c++17 -O2 -DNDEBUG -Wall -Wextra -DAHC021_BEAM_WIDTH=40
80,0,original_w300,300,0,90620,1.8559654040000169,0,2e1206bdeb252fe9ce89c46a3299a18e11baa39c546c131945fb734cf7680ac9,6845f133b1bf5b74223754124c4ce48bb7d8e06a8b6f870f0664af66c3baebbd,620069d65d33c1b4863a21797ab963505818bdf1558c41947afaf15812ce394c,9c0252c95ab4767dba538d47cdfaf45be5796ee1,g++ (Ubuntu 13.3.0-6ubuntu2~24.04.1) 13.3.0,-std=c++17 -O2 -DNDEBUG -Wall -Wextra -DAHC021_BEAM_WIDTH=300
80,0,legacy_practice,0,-1,78275,1.5185970999955316,0,2e1206bdeb252fe9ce89c46a3299a18e11baa39c546c131945fb734cf7680ac9,3992dc38eaa1d1f22f9ca9caed02e7fe0da005fff35a2733e6ad0f3e7010c9c5,d74e40c2de41edd739f2b582b2be6051abf56e2191c8993077e15230d9637920,9c0252c95ab4767dba538d47cdfaf45be5796ee1,g++ (Ubuntu 13.3.0-6ubuntu2~24.04.1) 13.3.0,-std=c++17 -O2 -DNDEBUG -Wall -Wextra -DAHC021_BEAM_WIDTH=0
80,0,reference_w300,300,0,90620,1.519090353998763,0,2e1206bdeb252fe9ce89c46a3299a18e11baa39c546c131945fb734cf7680ac9,6845f133b1bf5b74223754124c4ce48bb7d8e06a8b6f870f0664af66c3baebbd,48335338bc47686ad8dee3458be7ef125c724fb9ce64dee33db63ce67aaa34d2,9c0252c95ab4767dba538d47cdfaf45be5796ee1,g++ (Ubuntu 13.3.0-6ubuntu2~24.04.1) 13.3.0,-std=c++17 -O2 -DNDEBUG -Wall -Wextra -DAHC021_BEAM_WIDTH=300
80,0,final_w300,300,1,90620,1.49637201600126,0,2e1206bdeb252fe9ce89c46a3299a18e11baa39c546c131945fb734cf7680ac9,6845f133b1bf5b74223754124c4ce48bb7d8e06a8b6f870f0664af66c3baebbd,cea484745ee105880c23529daf61e02a7829ddfcf24aebde822f9d3e65980487,9c0252c95ab4767dba538d47cdfaf45be5796ee1,g++ (Ubuntu 13.3.0-6ubuntu2~24.04.1) 13.3.0,-std=c++17 -O2 -DNDEBUG -Wall -Wextra -DAHC021_BEAM_WIDTH=300
81,0,original_w40,40,0,90855,0.25152828299906105,0,93ce2e2e15ed358c8a354715cb15fe3e4b08661cfb7f7893fb767a25a7a4fec2,c863545ff75e2151790c8046ef002eec1755d24a453388690e3732fb4a4378e0,620069d65d33c1b4863a21797ab963505818bdf1558c41947afaf15812ce394c,9c0252c95ab4767dba538d47cdfaf45be5796ee1,g++ (Ubuntu 13.3.0-6ubuntu2~24.04.1) 13.3.0,-std=c++17 -O2 -DNDEBUG -Wall -Wextra -DAHC021_BEAM_WIDTH=40
81,0,original_w300,300,0,91010,1.8547019079996971,0,93ce2e2e15ed358c8a354715cb15fe3e4b08661cfb7f7893fb767a25a7a4fec2,44b2f1de93ba93130fdddc40859cd7bc944ca98d57384e3bd486f78ef4a73806,620069d65d33c1b4863a21797ab963505818bdf1558c41947afaf15812ce394c,9c0252c95ab4767dba538d47cdfaf45be5796ee1,g++ (Ubuntu 13.3.0-6ubuntu2~24.04.1) 13.3.0,-std=c++17 -O2 -DNDEBUG -Wall -Wextra -DAHC021_BEAM_WIDTH=300
81,0,legacy_practice,0,-1,79800,0.12832297300337814,0,93ce2e2e15ed358c8a354715cb15fe3e4b08661cfb7f7893fb767a25a7a4fec2,c7bbe18466d8d899bb1f3955950ec57c1cd40a129c95ec4ffa363ae2e1c52f1c,d74e40c2de41edd739f2b582b2be6051abf56e2191c8993077e15230d9637920,9c0252c95ab4767dba538d47cdfaf45be5796ee1,g++ (Ubuntu 13.3.0-6ubuntu2~24.04.1) 13.3.0,-std=c++17 -O2 -DNDEBUG -Wall -Wextra -DAHC021_BEAM_WIDTH=0
81,0,reference_w300,300,0,91010,1.4994492740006535,0,93ce2e2e15ed358c8a354715cb15fe3e4b08661cfb7f7893fb767a25a7a4fec2,44b2f1de93ba93130fdddc40859cd7bc944ca98d57384e3bd486f78ef4a73806,48335338bc47686ad8dee3458be7ef125c724fb9ce64dee33db63ce67aaa34d2,9c0252c95ab4767dba538d47cdfaf45be5796ee1,g++ (Ubuntu 13.3.0-6ubuntu2~24.04.1) 13.3.0,-std=c++17 -O2 -DNDEBUG -Wall -Wextra -DAHC021_BEAM_WIDTH=300
81,0,final_w300,300,1,91010,1.4939744340008474,0,93ce2e2e15ed358c8a354715cb15fe3e4b08661cfb7f7893fb767a25a7a4fec2,44b2f1de93ba93130fdddc40859cd7bc944ca98d57384e3bd486f78ef4a73806,cea484745ee105880c23529daf61e02a7829ddfcf24aebde822f9d3e65980487,9c0252c95ab4767dba538d47cdfaf45be5796ee1,g++ (Ubuntu 13.3.0-6ubuntu2~24.04.1) 13.3.0,-std=c++17 -O2 -DNDEBUG -Wall -Wextra -DAHC021_BEAM_WIDTH=300
81,0,ranked_w300,300,0,91010,1.5018984900016221,0,93ce2e2e15ed358c8a354715cb15fe3e4b08661cfb7f7893fb767a25a7a4fec2,44b2f1de93ba93130fdddc40859cd7bc944ca98d57384e3bd486f78ef4a73806,d2b55c476929b89f23f2a3324c53f7464def374349db3c2ba0ef5b471cf8a3bc,9c0252c95ab4767dba538d47cdfaf45be5796ee1,g++ (Ubuntu 13.3.0-6ubuntu2~24.04.1) 13.3.0,-std=c++17 -O2 -DNDEBUG -Wall -Wextra -DAHC021_BEAM_WIDTH=300
82,0,original_w300,300,0,90630,1.7879951060021995,0,38a67319c3497265c09f9bc24b93a9a2ae757d944072e34229fd9baf52f9293e,6966fd61da94d2d538955f477a417a21a8c334d5144f66a29b6fd8392c29ddbd,620069d65d33c1b4863a21797ab963505818bdf1558c41947afaf15812ce394c,9c0252c95ab4767dba538d47cdfaf45be5796ee1,g++ (Ubuntu 13.3.0-6ubuntu2~24.04.1) 13.3.0,-std=c++17 -O2 -DNDEBUG -Wall -Wextra -DAHC021_BEAM_WIDTH=300
82,0,legacy_practice,0,-1,77000,0.3899873080008547,0,38a67319c3497265c09f9bc24b93a9a2ae757d944072e34229fd9baf52f9293e,5f639c2fe2251348b6634aebfc28c5589fed42aa833a15ee07f9dc8701c9b7e3,d74e40c2de41edd739f2b582b2be6051abf56e2191c8993077e15230d9637920,9c0252c95ab4767dba538d47cdfaf45be5796ee1,g++ (Ubuntu 13.3.0-6ubuntu2~24.04.1) 13.3.0,-std=c++17 -O2 -DNDEBUG -Wall -Wextra -DAHC021_BEAM_WIDTH=0
82,0,reference_w300,300,0,90630,1.468496627996501,0,38a67319c3497265c09f9bc24b93a9a2ae757d944072e34229fd9baf52f9293e,6966fd61da94d2d538955f477a417a21a8c334d5144f66a29b6fd8392c29ddbd,48335338bc47686ad8dee3458be7ef125c724fb9ce64dee33db63ce67aaa34d2,9c0252c95ab4767dba538d47cdfaf45be5796ee1,g++ (Ubuntu 13.3.0-6ubuntu2~24.04.1) 13.3.0,-std=c++17 -O2 -DNDEBUG -Wall -Wextra -DAHC021_BEAM_WIDTH=300
82,0,final_w300,300,1,90630,1.4322450920008123,0,38a67319c3497265c09f9bc24b93a9a2ae757d944072e34229fd9baf52f9293e,6966fd61da94d2d538955f477a417a21a8c334d5144f66a29b6fd8392c29ddbd,cea484745ee105880c23529daf61e02a7829ddfcf24aebde822f9d3e65980487,9c0252c95ab4767dba538d47cdfaf45be5796ee1,g++ (Ubuntu 13.3.0-6ubuntu2~24.04.1) 13.3.0,-std=c++17 -O2 -DNDEBUG -Wall -Wextra -DAHC021_BEAM_WIDTH=300
82,0,ranked_w300,300,0,90630,1.4714842370012775,0,38a67319c3497265c09f9bc24b93a9a2ae757d944072e34229fd9baf52f9293e,6966fd61da94d2d538955f477a417a21a8c334d5144f66a29b6fd8392c29ddbd,d2b55c476929b89f23f2a3324c53f7464def374349db3c2ba0ef5b471cf8a3bc,9c0252c95ab4767dba538d47cdfaf45be5796ee1,g++ (Ubuntu 13.3.0-6ubuntu2~24.04.1) 13.3.0,-std=c++17 -O2 -DNDEBUG -Wall -Wextra -DAHC021_BEAM_WIDTH=300
82,0,original_w40,40,0,90410,0.262557096000819,0,38a67319c3497265c09f9bc24b93a9a2ae757d944072e34229fd9baf52f9293e,fd367fc9694cb30c2f5562960960ed9697c8bd1537598a4f768ddccfe64faec3,620069d65d33c1b4863a21797ab963505818bdf1558c41947afaf15812ce394c,9c0252c95ab4767dba538d47cdfaf45be5796ee1,g++ (Ubuntu 13.3.0-6ubuntu2~24.04.1) 13.3.0,-std=c++17 -O2 -DNDEBUG -Wall -Wextra -DAHC021_BEAM_WIDTH=40
83,0,legacy_practice,0,-1,77920,0.4160367430013139,0,3493d2cd01379d2e585e9349c4e52847d42b4c5cd21b22ef1f607e3087ef8849,bfb32a846424870c9af011584e9c50ee47fca39240b953e40658f196370e9645,d74e40c2de41edd739f2b582b2be6051abf56e2191c8993077e15230d9637920,9c0252c95ab4767dba538d47cdfaf45be5796ee1,g++ (Ubuntu 13.3.0-6ubuntu2~24.04.1) 13.3.0,-std=c++17 -O2 -DNDEBUG -Wall -Wextra -DAHC021_BEAM_WIDTH=0
83,0,reference_w300,300,0,91025,1.520805387001019,0,3493d2cd01379d2e585e9349c4e52847d42b4c5cd21b22ef1f607e3087ef8849,5524e54c57bf71d3220c55a3377947941116b4ebb66e2ffdb8b96691f01bf82b,48335338bc47686ad8dee3458be7ef125c724fb9ce64dee33db63ce67aaa34d2,9c0252c95ab4767dba538d47cdfaf45be5796ee1,g++ (Ubuntu 13.3.0-6ubuntu2~24.04.1) 13.3.0,-std=c++17 -O2 -DNDEBUG -Wall -Wextra -DAHC021_BEAM_WIDTH=300
83,0,final_w300,300,1,91025,1.510561585004325,0,3493d2cd01379d2e585e9349c4e52847d42b4c5cd21b22ef1f607e3087ef8849,5524e54c57bf71d3220c55a3377947941116b4ebb66e2ffdb8b96691f01bf82b,cea484745ee105880c23529daf61e02a7829ddfcf24aebde822f9d3e65980487,9c0252c95ab4767dba538d47cdfaf45be5796ee1,g++ (Ubuntu 13.3.0-6ubuntu2~24.04.1) 13.3.0,-std=c++17 -O2 -DNDEBUG -Wall -Wextra -DAHC021_BEAM_WIDTH=300
83,0,ranked_w300,300,0,91025,1.5507285249987035,0,3493d2cd01379d2e585e9349c4e52847d42b4c5cd21b22ef1f607e3087ef8849,5524e54c57bf71d3220c55a3377947941116b4ebb66e2ffdb8b96691f01bf82b,d2b55c476929b89f23f2a3324c53f7464def374349db3c2ba0ef5b471cf8a3bc,9c0252c95ab4767dba538d47cdfaf45be5796ee1,g++ (Ubuntu 13.3.0-6ubuntu2~24.04.1) 13.3.0,-std=c++17 -O2 -DNDEBUG -Wall -Wextra -DAHC021_BEAM_WIDTH=300
83,0,original_w40,40,0,90855,0.25655733999883523,0,3493d2cd01379d2e585e9349c4e52847d42b4c5cd21b22ef1f607e3087ef8849,45eefd19c31cae040c28c46af44aca02e8a8c064001d36097f90a3ed3f71369b,620069d65d33c1b4863a21797ab963505818bdf1558c41947afaf15812ce394c,9c0252c95ab4767dba538d47cdfaf45be5796ee1,g++ (Ubuntu 13.3.0-6ubuntu2~24.04.1) 13.3.0,-std=c++17 -O2 -DNDEBUG -Wall -Wextra -DAHC021_BEAM_WIDTH=40
83,0,original_w300,300,0,91025,1.909867148999183,0,3493d2cd01379d2e585e9349c4e52847d42b4c5cd21b22ef1f607e3087ef8849,5524e54c57bf71d3220c55a3377947941116b4ebb66e2ffdb8b96691f01bf82b,620069d65d33c1b4863a21797ab963505818bdf1558c41947afaf15812ce394c,9c0252c95ab4767dba538d47cdfaf45be5796ee1,g++ (Ubuntu 13.3.0-6ubuntu2~24.04.1) 13.3.0,-std=c++17 -O2 -DNDEBUG -Wall -Wextra -DAHC021_BEAM_WIDTH=300
84,0,reference_w300,300,0,90820,1.5553626460023224,0,2a06a37ecf46b64b9942392947e26811e7963f451bfb3a3863625080c6b34ace,e2f7aa311b26deb3d1f96e310a5255320acd319dfa87d4257bb5fa4912bcb060,48335338bc47686ad8dee3458be7ef125c724fb9ce64dee33db63ce67aaa34d2,9c0252c95ab4767dba538d47cdfaf45be5796ee1,g++ (Ubuntu 13.3.0-6ubuntu2~24.04.1) 13.3.0,-std=c++17 -O2 -DNDEBUG -Wall -Wextra -DAHC021_BEAM_WIDTH=300
84,0,final_w300,300,1,90820,1.5831554120013607,0,2a06a37ecf46b64b9942392947e26811e7963f451bfb3a3863625080c6b34ace,e2f7aa311b26deb3d1f96e310a5255320acd319dfa87d4257bb5fa4912bcb060,cea484745ee105880c23529daf61e02a7829ddfcf24aebde822f9d3e65980487,9c0252c95ab4767dba538d47cdfaf45be5796ee1,g++ (Ubuntu 13.3.0-6ubuntu2~24.04.1) 13.3.0,-std=c++17 -O2 -DNDEBUG -Wall -Wextra -DAHC021_BEAM_WIDTH=300
84,0,ranked_w300,300,0,90820,1.5595820950038615,0,2a06a37ecf46b64b9942392947e26811e7963f451bfb3a3863625080c6b34ace,e2f7aa311b26deb3d1f96e310a5255320acd319dfa87d4257bb5fa4912bcb060,d2b55c476929b89f23f2a3324c53f7464def374349db3c2ba0ef5b471cf8a3bc,9c0252c95ab4767dba538d47cdfaf45be5796ee1,g++ (Ubuntu 13.3.0-6ubuntu2~24.04.1) 13.3.0,-std=c++17 -O2 -DNDEBUG -Wall -Wextra -DAHC021_BEAM_WIDTH=300
84,0,original_w40,40,0,90680,0.2581018579949159,0,2a06a37ecf46b64b9942392947e26811e7963f451bfb3a3863625080c6b34ace,329510394e180a56af302b25ffbaefda0c7bbac9c32ee136bd0121f95fcca77d,620069d65d33c1b4863a21797ab963505818bdf1558c41947afaf15812ce394c,9c0252c95ab4767dba538d47cdfaf45be5796ee1,g++ (Ubuntu 13.3.0-6ubuntu2~24.04.1) 13.3.0,-std=c++17 -O2 -DNDEBUG -Wall -Wextra -DAHC021_BEAM_WIDTH=40
84,0,original_w300,300,0,90820,1.9132849460002035,0,2a06a37ecf46b64b9942392947e26811e7963f451bfb3a3863625080c6b34ace,e2f7aa311b26deb3d1f96e310a5255320acd319dfa87d4257bb5fa4912bcb060,620069d65d33c1b4863a21797ab963505818bdf1558c41947afaf15812ce394c,9c0252c95ab4767dba538d47cdfaf45be5796ee1,g++ (Ubuntu 13.3.0-6ubuntu2~24.04.1) 13.3.0,-std=c++17 -O2 -DNDEBUG -Wall -Wextra -DAHC021_BEAM_WIDTH=300
84,0,legacy_practice,0,-1,75405,0.4182677419958054,0,2a06a37ecf46b64b9942392947e26811e7963f451bfb3a3863625080c6b34ace,a7c9ca9c5db9479f57b1748616fa3587723107e5fb93af2e8f52ad56ea13ccd0,d74e40c2de41edd739f2b582b2be6051abf56e2191c8993077e15230d9637920,9c0252c95ab4767dba538d47cdfaf45be5796ee1,g++ (Ubuntu 13.3.0-6ubuntu2~24.04.1) 13.3.0,-std=c++17 -O2 -DNDEBUG -Wall -Wextra -DAHC021_BEAM_WIDTH=0
85,0,final_w300,300,1,90585,1.5157863720014575,0,2834568a9b4f657822dfb6afd7c8485e5e81438605afe9e7c1d97d78129f985d,cdcbac687b4229aff1ffbcd59ca2bb70154bd2c22bf9a946b919bf6c19feff51,cea484745ee105880c23529daf61e02a7829ddfcf24aebde822f9d3e65980487,9c0252c95ab4767dba538d47cdfaf45be5796ee1,g++ (Ubuntu 13.3.0-6ubuntu2~24.04.1) 13.3.0,-std=c++17 -O2 -DNDEBUG -Wall -Wextra -DAHC021_BEAM_WIDTH=300
85,0,ranked_w300,300,0,90585,1.5018948019933305,0,2834568a9b4f657822dfb6afd7c8485e5e81438605afe9e7c1d97d78129f985d,cdcbac687b4229aff1ffbcd59ca2bb70154bd2c22bf9a946b919bf6c19feff51,d2b55c476929b89f23f2a3324c53f7464def374349db3c2ba0ef5b471cf8a3bc,9c0252c95ab4767dba538d47cdfaf45be5796ee1,g++ (Ubuntu 13.3.0-6ubuntu2~24.04.1) 13.3.0,-std=c++17 -O2 -DNDEBUG -Wall -Wextra -DAHC021_BEAM_WIDTH=300
85,0,original_w40,40,0,90480,0.25769462100288365,0,2834568a9b4f657822dfb6afd7c8485e5e81438605afe9e7c1d97d78129f985d,53b6e06a514d8abbbfcba173b5df34c680ff7a30af763f0fdbfeee2c69207f4a,620069d65d33c1b4863a21797ab963505818bdf1558c41947afaf15812ce394c,9c0252c95ab4767dba538d47cdfaf45be5796ee1,g++ (Ubuntu 13.3.0-6ubuntu2~24.04.1) 13.3.0,-std=c++17 -O2 -DNDEBUG -Wall -Wextra -DAHC021_BEAM_WIDTH=40
85,0,original_w300,300,0,90585,1.8820642749997205,0,2834568a9b4f657822dfb6afd7c8485e5e81438605afe9e7c1d97d78129f985d,cdcbac687b4229aff1ffbcd59ca2bb70154bd2c22bf9a946b919bf6c19feff51,620069d65d33c1b4863a21797ab963505818bdf1558c41947afaf15812ce394c,9c0252c95ab4767dba538d47cdfaf45be5796ee1,g++ (Ubuntu 13.3.0-6ubuntu2~24.04.1) 13.3.0,-std=c++17 -O2 -DNDEBUG -Wall -Wextra -DAHC021_BEAM_WIDTH=300
85,0,legacy_practice,0,-1,78245,0.2634081460055313,0,2834568a9b4f657822dfb6afd7c8485e5e81438605afe9e7c1d97d78129f985d,ddc38550a850e38c59e75fea3b1565a49b96f9a6e91632db2c20e727fd50ec2d,d74e40c2de41edd739f2b582b2be6051abf56e2191c8993077e15230d9637920,9c0252c95ab4767dba538d47cdfaf45be5796ee1,g++ (Ubuntu 13.3.0-6ubuntu2~24.04.1) 13.3.0,-std=c++17 -O2 -DNDEBUG -Wall -Wextra -DAHC021_BEAM_WIDTH=0
85,0,reference_w300,300,0,90585,1.5127685300030862,0,2834568a9b4f657822dfb6afd7c8485e5e81438605afe9e7c1d97d78129f985d,cdcbac687b4229aff1ffbcd59ca2bb70154bd2c22bf9a946b919bf6c19feff51,48335338bc47686ad8dee3458be7ef125c724fb9ce64dee33db63ce67aaa34d2,9c0252c95ab4767dba538d47cdfaf45be5796ee1,g++ (Ubuntu 13.3.0-6ubuntu2~24.04.1) 13.3.0,-std=c++17 -O2 -DNDEBUG -Wall -Wextra -DAHC021_BEAM_WIDTH=300
86,0,ranked_w300,300,0,90010,1.5214962019963423,0,ab44955be8cabfec2eb5fcf6707ae6700741607e8c2bb86747a2c5578b578f02,cbbaf45fb68f23fb2d58b663270c7048303531cdd574fcf092c6802dc92d9243,d2b55c476929b89f23f2a3324c53f7464def374349db3c2ba0ef5b471cf8a3bc,9c0252c95ab4767dba538d47cdfaf45be5796ee1,g++ (Ubuntu 13.3.0-6ubuntu2~24.04.1) 13.3.0,-std=c++17 -O2 -DNDEBUG -Wall -Wextra -DAHC021_BEAM_WIDTH=300
86,0,original_w40,40,0,89865,0.26757524099957664,0,ab44955be8cabfec2eb5fcf6707ae6700741607e8c2bb86747a2c5578b578f02,41e7f1d56653eee849f60417f296b8d00eb60da98cf900e685ff0ec768125c66,620069d65d33c1b4863a21797ab963505818bdf1558c41947afaf15812ce394c,9c0252c95ab4767dba538d47cdfaf45be5796ee1,g++ (Ubuntu 13.3.0-6ubuntu2~24.04.1) 13.3.0,-std=c++17 -O2 -DNDEBUG -Wall -Wextra -DAHC021_BEAM_WIDTH=40
86,0,original_w300,300,0,90010,1.9051995460031321,0,ab44955be8cabfec2eb5fcf6707ae6700741607e8c2bb86747a2c5578b578f02,cbbaf45fb68f23fb2d58b663270c7048303531cdd574fcf092c6802dc92d9243,620069d65d33c1b4863a21797ab963505818bdf1558c41947afaf15812ce394c,9c0252c95ab4767dba538d47cdfaf45be5796ee1,g++ (Ubuntu 13.3.0-6ubuntu2~24.04.1) 13.3.0,-std=c++17 -O2 -DNDEBUG -Wall -Wextra -DAHC021_BEAM_WIDTH=300
86,0,legacy_practice,0,-1,77835,0.16260642500128597,0,ab44955be8cabfec2eb5fcf6707ae6700741607e8c2bb86747a2c5578b578f02,ea9d5d252c0970b3b35e2cc3afc2b73d87b33e0821d1f24a8cd0fc196af9804c,d74e40c2de41edd739f2b582b2be6051abf56e2191c8993077e15230d9637920,9c0252c95ab4767dba538d47cdfaf45be5796ee1,g++ (Ubuntu 13.3.0-6ubuntu2~24.04.1) 13.3.0,-std=c++17 -O2 -DNDEBUG -Wall -Wextra -DAHC021_BEAM_WIDTH=0
86,0,reference_w300,300,0,90010,1.5040333759970963,0,ab44955be8cabfec2eb5fcf6707ae6700741607e8c2bb86747a2c5578b578f02,cbbaf45fb68f23fb2d58b663270c7048303531cdd574fcf092c6802dc92d9243,48335338bc47686ad8dee3458be7ef125c724fb9ce64dee33db63ce67aaa34d2,9c0252c95ab4767dba538d47cdfaf45be5796ee1,g++ (Ubuntu 13.3.0-6ubuntu2~24.04.1) 13.3.0,-std=c++17 -O2 -DNDEBUG -Wall -Wextra -DAHC021_BEAM_WIDTH=300
86,0,final_w300,300,1,90010,1.5092257559954305,0,ab44955be8cabfec2eb5fcf6707ae6700741607e8c2bb86747a2c5578b578f02,cbbaf45fb68f23fb2d58b663270c7048303531cdd574fcf092c6802dc92d9243,cea484745ee105880c23529daf61e02a7829ddfcf24aebde822f9d3e65980487,9c0252c95ab4767dba538d47cdfaf45be5796ee1,g++ (Ubuntu 13.3.0-6ubuntu2~24.04.1) 13.3.0,-std=c++17 -O2 -DNDEBUG -Wall -Wextra -DAHC021_BEAM_WIDTH=300
87,0,original_w40,40,0,90955,0.2550243639998371,0,0f6c3f59e1fedee84398f7e67caab1d66d50f56a71246de0357b6690bc8e8003,610a910903992f9760f3145f2a92fadc85ea5f25adad315af2661b77b30b8925,620069d65d33c1b4863a21797ab963505818bdf1558c41947afaf15812ce394c,9c0252c95ab4767dba538d47cdfaf45be5796ee1,g++ (Ubuntu 13.3.0-6ubuntu2~24.04.1) 13.3.0,-std=c++17 -O2 -DNDEBUG -Wall -Wextra -DAHC021_BEAM_WIDTH=40
87,0,original_w300,300,0,91180,1.8420755950064631,0,0f6c3f59e1fedee84398f7e67caab1d66d50f56a71246de0357b6690bc8e8003,068699d65a113eaebb64f80d3dd68b6755d6d7f914eabe19a8b1a3fa8b1ad702,620069d65d33c1b4863a21797ab963505818bdf1558c41947afaf15812ce394c,9c0252c95ab4767dba538d47cdfaf45be5796ee1,g++ (Ubuntu 13.3.0-6ubuntu2~24.04.1) 13.3.0,-std=c++17 -O2 -DNDEBUG -Wall -Wextra -DAHC021_BEAM_WIDTH=300
87,0,legacy_practice,0,-1,79445,0.2714498450004612,0,0f6c3f59e1fedee84398f7e67caab1d66d50f56a71246de0357b6690bc8e8003,58d32b47dccb9a0b5dd7b04da75a725a700c5f9b6f4860d1d20e696a2bc00378,d74e40c2de41edd739f2b582b2be6051abf56e2191c8993077e15230d9637920,9c0252c95ab4767dba538d47cdfaf45be5796ee1,g++ (Ubuntu 13.3.0-6ubuntu2~24.04.1) 13.3.0,-std=c++17 -O2 -DNDEBUG -Wall -Wextra -DAHC021_BEAM_WIDTH=0
87,0,reference_w300,300,0,91180,1.502866565999284,0,0f6c3f59e1fedee84398f7e67caab1d66d50f56a71246de0357b6690bc8e8003,068699d65a113eaebb64f80d3dd68b6755d6d7f914eabe19a8b1a3fa8b1ad702,48335338bc47686ad8dee3458be7ef125c724fb9ce64dee33db63ce67aaa34d2,9c0252c95ab4767dba538d47cdfaf45be5796ee1,g++ (Ubuntu 13.3.0-6ubuntu2~24.04.1) 13.3.0,-std=c++17 -O2 -DNDEBUG -Wall -Wextra -DAHC021_BEAM_WIDTH=300
87,0,final_w300,300,1,91180,1.497126283000398,0,0f6c3f59e1fedee84398f7e67caab1d66d50f56a71246de0357b6690bc8e8003,068699d65a113eaebb64f80d3dd68b6755d6d7f914eabe19a8b1a3fa8b1ad702,cea484745ee105880c23529daf61e02a7829ddfcf24aebde822f9d3e65980487,9c0252c95ab4767dba538d47cdfaf45be5796ee1,g++ (Ubuntu 13.3.0-6ubuntu2~24.04.1) 13.3.0,-std=c++17 -O2 -DNDEBUG -Wall -Wextra -DAHC021_BEAM_WIDTH=300
87,0,ranked_w300,300,0,91180,1.4912980769950082,0,0f6c3f59e1fedee84398f7e67caab1d66d50f56a71246de0357b6690bc8e8003,068699d65a113eaebb64f80d3dd68b6755d6d7f914eabe19a8b1a3fa8b1ad702,d2b55c476929b89f23f2a3324c53f7464def374349db3c2ba0ef5b471cf8a3bc,9c0252c95ab4767dba538d47cdfaf45be5796ee1,g++ (Ubuntu 13.3.0-6ubuntu2~24.04.1) 13.3.0,-std=c++17 -O2 -DNDEBUG -Wall -Wextra -DAHC021_BEAM_WIDTH=300
88,0,original_w300,300,0,90590,1.8896075499942526,0,54108003c7c10e645774f95dff7b6c2e587bdeaf8d00e6b89f844b575d170478,e535fcacbd48017664d82860f1f4cd43503bb55034b4aaf25cc3744f8a4fc925,620069d65d33c1b4863a21797ab963505818bdf1558c41947afaf15812ce394c,9c0252c95ab4767dba538d47cdfaf45be5796ee1,g++ (Ubuntu 13.3.0-6ubuntu2~24.04.1) 13.3.0,-std=c++17 -O2 -DNDEBUG -Wall -Wextra -DAHC021_BEAM_WIDTH=300
88,0,legacy_practice,0,-1,79330,0.1895330230036052,0,54108003c7c10e645774f95dff7b6c2e587bdeaf8d00e6b89f844b575d170478,c03876c4d6e2bb5ee3f02f103cf08fa40ea4b98ff9936dd56316cc53578edfc1,d74e40c2de41edd739f2b582b2be6051abf56e2191c8993077e15230d9637920,9c0252c95ab4767dba538d47cdfaf45be5796ee1,g++ (Ubuntu 13.3.0-6ubuntu2~24.04.1) 13.3.0,-std=c++17 -O2 -DNDEBUG -Wall -Wextra -DAHC021_BEAM_WIDTH=0
88,0,reference_w300,300,0,90590,1.5063315169973066,0,54108003c7c10e645774f95dff7b6c2e587bdeaf8d00e6b89f844b575d170478,e535fcacbd48017664d82860f1f4cd43503bb55034b4aaf25cc3744f8a4fc925,48335338bc47686ad8dee3458be7ef125c724fb9ce64dee33db63ce67aaa34d2,9c0252c95ab4767dba538d47cdfaf45be5796ee1,g++ (Ubuntu 13.3.0-6ubuntu2~24.04.1) 13.3.0,-std=c++17 -O2 -DNDEBUG -Wall -Wextra -DAHC021_BEAM_WIDTH=300
88,0,final_w300,300,1,90590,1.4888470670048264,0,54108003c7c10e645774f95dff7b6c2e587bdeaf8d00e6b89f844b575d170478,e535fcacbd48017664d82860f1f4cd43503bb55034b4aaf25cc3744f8a4fc925,cea484745ee105880c23529daf61e02a7829ddfcf24aebde822f9d3e65980487,9c0252c95ab4767dba538d47cdfaf45be5796ee1,g++ (Ubuntu 13.3.0-6ubuntu2~24.04.1) 13.3.0,-std=c++17 -O2 -DNDEBUG -Wall -Wextra -DAHC021_BEAM_WIDTH=300
88,0,ranked_w300,300,0,90590,1.5398788530001184,0,54108003c7c10e645774f95dff7b6c2e587bdeaf8d00e6b89f844b575d170478,e535fcacbd48017664d82860f1f4cd43503bb55034b4aaf25cc3744f8a4fc925,d2b55c476929b89f23f2a3324c53f7464def374349db3c2ba0ef5b471cf8a3bc,9c0252c95ab4767dba538d47cdfaf45be5796ee1,g++ (Ubuntu 13.3.0-6ubuntu2~24.04.1) 13.3.0,-std=c++17 -O2 -DNDEBUG -Wall -Wextra -DAHC021_BEAM_WIDTH=300
88,0,original_w40,40,0,90395,0.25862277900159825,0,54108003c7c10e645774f95dff7b6c2e587bdeaf8d00e6b89f844b575d170478,a029f6680be6f6c4c9ce583d5382690aa42da4ebf15396d197924033a5ed544d,620069d65d33c1b4863a21797ab963505818bdf1558c41947afaf15812ce394c,9c0252c95ab4767dba538d47cdfaf45be5796ee1,g++ (Ubuntu 13.3.0-6ubuntu2~24.04.1) 13.3.0,-std=c++17 -O2 -DNDEBUG -Wall -Wextra -DAHC021_BEAM_WIDTH=40
89,0,legacy_practice,0,-1,74745,0.6654442889994243,0,ab24c892a5905ff5e747e752f5c1866f1517c58b2d754c63d3842c6d736b4e18,abf02b636b51a753fe7dc037217c78a621dd9771f80fbf8d09eb8d7a0841fd68,d74e40c2de41edd739f2b582b2be6051abf56e2191c8993077e15230d9637920,9c0252c95ab4767dba538d47cdfaf45be5796ee1,g++ (Ubuntu 13.3.0-6ubuntu2~24.04.1) 13.3.0,-std=c++17 -O2 -DNDEBUG -Wall -Wextra -DAHC021_BEAM_WIDTH=0
89,0,reference_w300,300,0,90640,1.4826783079988672,0,ab24c892a5905ff5e747e752f5c1866f1517c58b2d754c63d3842c6d736b4e18,cf230d1d032b3dcaf97e679eecea1ebb375f944bdcb14583392056eba13d9288,48335338bc47686ad8dee3458be7ef125c724fb9ce64dee33db63ce67aaa34d2,9c0252c95ab4767dba538d47cdfaf45be5796ee1,g++ (Ubuntu 13.3.0-6ubuntu2~24.04.1) 13.3.0,-std=c++17 -O2 -DNDEBUG -Wall -Wextra -DAHC021_BEAM_WIDTH=300
89,0,final_w300,300,1,90640,1.4905120210023597,0,ab24c892a5905ff5e747e752f5c1866f1517c58b2d754c63d3842c6d736b4e18,cf230d1d032b3dcaf97e679eecea1ebb375f944bdcb14583392056eba13d9288,cea484745ee105880c23529daf61e02a7829ddfcf24aebde822f9d3e65980487,9c0252c95ab4767dba538d47cdfaf45be5796ee1,g++ (Ubuntu 13.3.0-6ubuntu2~24.04.1) 13.3.0,-std=c++17 -O2 -DNDEBUG -Wall -Wextra -DAHC021_BEAM_WIDTH=300
89,0,ranked_w300,300,0,90640,1.4961916870015557,0,ab24c892a5905ff5e747e752f5c1866f1517c58b2d754c63d3842c6d736b4e18,cf230d1d032b3dcaf97e679eecea1ebb375f944bdcb14583392056eba13d9288,d2b55c476929b89f23f2a3324c53f7464def374349db3c2ba0ef5b471cf8a3bc,9c0252c95ab4767dba538d47cdfaf45be5796ee1,g++ (Ubuntu 13.3.0-6ubuntu2~24.04.1) 13.3.0,-std=c++17 -O2 -DNDEBUG -Wall -Wextra -DAHC021_BEAM_WIDTH=300
89,0,original_w40,40,0,90465,0.24641097099811304,0,ab24c892a5905ff5e747e752f5c1866f1517c58b2d754c63d3842c6d736b4e18,f1b724fd62fdbc08ef54d6653c8dfad4498814465462aaa07fdb03f03a7a57c7,620069d65d33c1b4863a21797ab963505818bdf1558c41947afaf15812ce394c,9c0252c95ab4767dba538d47cdfaf45be5796ee1,g++ (Ubuntu 13.3.0-6ubuntu2~24.04.1) 13.3.0,-std=c++17 -O2 -DNDEBUG -Wall -Wextra -DAHC021_BEAM_WIDTH=40
89,0,original_w300,300,0,90640,1.8291407940050703,0,ab24c892a5905ff5e747e752f5c1866f1517c58b2d754c63d3842c6d736b4e18,cf230d1d032b3dcaf97e679eecea1ebb375f944bdcb14583392056eba13d9288,620069d65d33c1b4863a21797ab963505818bdf1558c41947afaf15812ce394c,9c0252c95ab4767dba538d47cdfaf45be5796ee1,g++ (Ubuntu 13.3.0-6ubuntu2~24.04.1) 13.3.0,-std=c++17 -O2 -DNDEBUG -Wall -Wextra -DAHC021_BEAM_WIDTH=300
