seed,repeat,version,samples,classic,merge,score,seconds,over_2s,transitions,input_sha256,output_sha256,source_sha256,reference_commit,compiler,flags
40,0,reference_s384,384,1,0,855974,1.885302523005521,0,7603200,188e2fe0d0c4468be34431e22d8008cdbebafd846c776cb258df2fc66b7ae253,72014bfd483b2c07028f9090b0a02ce4b0e16daa75b78b8ef9377a41310279af,516a2919ce569b7cabb96eab6df1617f0ed0b874fac7702566ca59432b522f42,8b79c5c30b5447a511bebeb2d55164bda8362887,g++ (Ubuntu 13.3.0-6ubuntu2~24.04.1) 13.3.0,-std=c++17 -O2 -DNDEBUG -Wall -Wextra -DAHC015_SAMPLES=384 -DAHC015_CLASSIC=1 -DAHC015_MERGE=0 -DAHC015_TURN_SEED=1 -DAHC015_ENGINE_SEED=15015
40,0,merged_s448,448,0,1,853792,1.8187496650061803,0,7599509,188e2fe0d0c4468be34431e22d8008cdbebafd846c776cb258df2fc66b7ae253,b435c6ec1df51aeab1395136526e9c47d821f72fce3a503646394e0add990294,0c208fd418b0d2843cd234bf8400b822e00db93575bc0efc6d4bd5eb373a006a,8b79c5c30b5447a511bebeb2d55164bda8362887,g++ (Ubuntu 13.3.0-6ubuntu2~24.04.1) 13.3.0,-std=c++17 -O2 -DNDEBUG -Wall -Wextra -DAHC015_SAMPLES=448 -DAHC015_CLASSIC=0 -DAHC015_MERGE=1 -DAHC015_TURN_SEED=1 -DAHC015_ENGINE_SEED=15015
40,0,reference_s256,256,1,0,782870,1.2211272749991622,0,5068800,188e2fe0d0c4468be34431e22d8008cdbebafd846c776cb258df2fc66b7ae253,553a565261d6084d7e07a602122dd6162260bd44514a45190e47649c6dc0fd9f,516a2919ce569b7cabb96eab6df1617f0ed0b874fac7702566ca59432b522f42,8b79c5c30b5447a511bebeb2d55164bda8362887,g++ (Ubuntu 13.3.0-6ubuntu2~24.04.1) 13.3.0,-std=c++17 -O2 -DNDEBUG -Wall -Wextra -DAHC015_SAMPLES=256 -DAHC015_CLASSIC=1 -DAHC015_MERGE=0 -DAHC015_TURN_SEED=1 -DAHC015_ENGINE_SEED=15015
41,0,merged_s448,448,0,1,784915,1.9006215130066266,0,8079192,11a9432d2b052c58f0e69d11561040f3120956491a3b8505309b9f5b13c8d4e9,302c1bf07ddc9743237a4d62279378cb268c52ce2af63c2bb726ae46f704250e,0c208fd418b0d2843cd234bf8400b822e00db93575bc0efc6d4bd5eb373a006a,8b79c5c30b5447a511bebeb2d55164bda8362887,g++ (Ubuntu 13.3.0-6ubuntu2~24.04.1) 13.3.0,-std=c++17 -O2 -DNDEBUG -Wall -Wextra -DAHC015_SAMPLES=448 -DAHC015_CLASSIC=0 -DAHC015_MERGE=1 -DAHC015_TURN_SEED=1 -DAHC015_ENGINE_SEED=15015
41,0,reference_s256,256,1,0,656453,1.2396375850075856,0,5068800,11a9432d2b052c58f0e69d11561040f3120956491a3b8505309b9f5b13c8d4e9,652371b8e5921837932d44cca03995f40abfd5db3ae8ba1dcdfd9acf4278dacf,516a2919ce569b7cabb96eab6df1617f0ed0b874fac7702566ca59432b522f42,8b79c5c30b5447a511bebeb2d55164bda8362887,g++ (Ubuntu 13.3.0-6ubuntu2~24.04.1) 13.3.0,-std=c++17 -O2 -DNDEBUG -Wall -Wextra -DAHC015_SAMPLES=256 -DAHC015_CLASSIC=1 -DAHC015_MERGE=0 -DAHC015_TURN_SEED=1 -DAHC015_ENGINE_SEED=15015
41,0,reference_s384,384,1,0,743665,1.917438377000508,0,7603200,11a9432d2b052c58f0e69d11561040f3120956491a3b8505309b9f5b13c8d4e9,7b73769b680cf6135e70b17cc00883577be3ebd3b3128dc499a570e925617992,516a2919ce569b7cabb96eab6df1617f0ed0b874fac7702566ca59432b522f42,8b79c5c30b5447a511bebeb2d55164bda8362887,g++ (Ubuntu 13.3.0-6ubuntu2~24.04.1) 13.3.0,-std=c++17 -O2 -DNDEBUG -Wall -Wextra -DAHC015_SAMPLES=384 -DAHC015_CLASSIC=1 -DAHC015_MERGE=0 -DAHC015_TURN_SEED=1 -DAHC015_ENGINE_SEED=15015
42,0,reference_s256,256,1,0,817381,1.2249691780016292,0,5068800,812c15be43c7d8dabc3ddbefbbc1e40a0ccd4b6b9004ae79c6208e33a1d0271a,fe470917ebe1cdae12664822423fe0b789ade6c6fc2890db48ed6168a5e7a6fa,516a2919ce569b7cabb96eab6df1617f0ed0b874fac7702566ca59432b522f42,8b79c5c30b5447a511bebeb2d55164bda8362887,g++ (Ubuntu 13.3.0-6ubuntu2~24.04.1) 13.3.0,-std=c++17 -O2 -DNDEBUG -Wall -Wextra -DAHC015_SAMPLES=256 -DAHC015_CLASSIC=1 -DAHC015_MERGE=0 -DAHC015_TURN_SEED=1 -DAHC015_ENGINE_SEED=15015
42,0,reference_s384,384,1,0,835584,1.8669664500048384,0,7603200,812c15be43c7d8dabc3ddbefbbc1e40a0ccd4b6b9004ae79c6208e33a1d0271a,0f99c8b7cc81b8c845016e34589ff34d124f8d8c22845d77c8295cb8f8312ba5,516a2919ce569b7cabb96eab6df1617f0ed0b874fac7702566ca59432b522f42,8b79c5c30b5447a511bebeb2d55164bda8362887,g++ (Ubuntu 13.3.0-6ubuntu2~24.04.1) 13.3.0,-std=c++17 -O2 -DNDEBUG -Wall -Wextra -DAHC015_SAMPLES=384 -DAHC015_CLASSIC=1 -DAHC015_MERGE=0 -DAHC015_TURN_SEED=1 -DAHC015_ENGINE_SEED=15015
42,0,merged_s448,448,0,1,844979,1.8177759639947908,0,7762076,812c15be43c7d8dabc3ddbefbbc1e40a0ccd4b6b9004ae79c6208e33a1d0271a,2ca11b86f22880d1c99f595f723d1002d925e88c0557555d3999ccbd505bbb39,0c208fd418b0d2843cd234bf8400b822e00db93575bc0efc6d4bd5eb373a006a,8b79c5c30b5447a511bebeb2d55164bda8362887,g++ (Ubuntu 13.3.0-6ubuntu2~24.04.1) 13.3.0,-std=c++17 -O2 -DNDEBUG -Wall -Wextra -DAHC015_SAMPLES=448 -DAHC015_CLASSIC=0 -DAHC015_MERGE=1 -DAHC015_TURN_SEED=1 -DAHC015_ENGINE_SEED=15015
43,0,reference_s384,384,1,0,822341,1.8712467290024506,0,7603200,0b30c9443a5699ca2454b3c157a2b5e8152a3cad329b2cc3b2c28dd19b2a477a,421fc0abebabe88e22ca44f043eef5970018435c45846f04bcc329bd372cc9b4,516a2919ce569b7cabb96eab6df1617f0ed0b874fac7702566ca59432b522f42,8b79c5c30b5447a511bebeb2d55164bda8362887,g++ (Ubuntu 13.3.0-6ubuntu2~24.04.1) 13.3.0,-std=c++17 -O2 -DNDEBUG -Wall -Wextra -DAHC015_SAMPLES=384 -DAHC015_CLASSIC=1 -DAHC015_MERGE=0 -DAHC015_TURN_SEED=1 -DAHC015_ENGINE_SEED=15015
43,0,merged_s448,448,0,1,831254,1.8862256909924326,0,8049032,0b30c9443a5699ca2454b3c157a2b5e8152a3cad329b2cc3b2c28dd19b2a477a,a49c0080402ec2b93d3294bf9bb0bd90ac085c65b214e5e0ec88219fae834c8d,0c208fd418b0d2843cd234bf8400b822e00db93575bc0efc6d4bd5eb373a006a,8b79c5c30b5447a511bebeb2d55164bda8362887,g++ (Ubuntu 13.3.0-6ubuntu2~24.04.1) 13.3.0,-std=c++17 -O2 -DNDEBUG -Wall -Wextra -DAHC015_SAMPLES=448 -DAHC015_CLASSIC=0 -DAHC015_MERGE=1 -DAHC015_TURN_SEED=1 -DAHC015_ENGINE_SEED=15015
43,0,reference_s256,256,1,0,811052,1.2435594170092372,0,5068800,0b30c9443a5699ca2454b3c157a2b5e8152a3cad329b2cc3b2c28dd19b2a477a,5a49e66d28bf4791d1ecd769ea4140b01c43da123c26ec90b6d84121ac88f4ab,516a2919ce569b7cabb96eab6df1617f0ed0b874fac7702566ca59432b522f42,8b79c5c30b5447a511bebeb2d55164bda8362887,g++ (Ubuntu 13.3.0-6ubuntu2~24.04.1) 13.3.0,-std=c++17 -O2 -DNDEBUG -Wall -Wextra -DAHC015_SAMPLES=256 -DAHC015_CLASSIC=1 -DAHC015_MERGE=0 -DAHC015_TURN_SEED=1 -DAHC015_ENGINE_SEED=15015
44,0,merged_s448,448,0,1,711595,1.845773843000643,0,7954615,8551ce4fd983fe68e97b37b6b424c3aa6dc63a9858b9b4b18a04d684b22ba6a0,15b9a47df101f6e09e3aad3236d1c00c3fb5bad7c87ed2943cf20a6ea11caabd,0c208fd418b0d2843cd234bf8400b822e00db93575bc0efc6d4bd5eb373a006a,8b79c5c30b5447a511bebeb2d55164bda8362887,g++ (Ubuntu 13.3.0-6ubuntu2~24.04.1) 13.3.0,-std=c++17 -O2 -DNDEBUG -Wall -Wextra -DAHC015_SAMPLES=448 -DAHC015_CLASSIC=0 -DAHC015_MERGE=1 -DAHC015_TURN_SEED=1 -DAHC015_ENGINE_SEED=15015
44,0,reference_s256,256,1,0,665097,1.2089616529992782,0,5068800,8551ce4fd983fe68e97b37b6b424c3aa6dc63a9858b9b4b18a04d684b22ba6a0,5c27cf4027503dee88f6fa5f75032d2eb934f28ac5af50da8df7f50df0d2f0d6,516a2919ce569b7cabb96eab6df1617f0ed0b874fac7702566ca59432b522f42,8b79c5c30b5447a511bebeb2d55164bda8362887,g++ (Ubuntu 13.3.0-6ubuntu2~24.04.1) 13.3.0,-std=c++17 -O2 -DNDEBUG -Wall -Wextra -DAHC015_SAMPLES=256 -DAHC015_CLASSIC=1 -DAHC015_MERGE=0 -DAHC015_TURN_SEED=1 -DAHC015_ENGINE_SEED=15015
44,0,reference_s384,384,1,0,736315,1.8530049089895329,0,7603200,8551ce4fd983fe68e97b37b6b424c3aa6dc63a9858b9b4b18a04d684b22ba6a0,486c5c9f003237b041bfec458e973e8ce305087f37f39ba774559c6323aab3f2,516a2919ce569b7cabb96eab6df1617f0ed0b874fac7702566ca59432b522f42,8b79c5c30b5447a511bebeb2d55164bda8362887,g++ (Ubuntu 13.3.0-6ubuntu2~24.04.1) 13.3.0,-std=c++17 -O2 -DNDEBUG -Wall -Wextra -DAHC015_SAMPLES=384 -DAHC015_CLASSIC=1 -DAHC015_MERGE=0 -DAHC015_TURN_SEED=1 -DAHC015_ENGINE_SEED=15015
45,0,reference_s256,256,1,0,812984,1.2405350299959537,0,5068800,c00c20ff33857628c4938d768812d46083f7c4e3ab774ec3c1907a869c152a90,170995cea5adce18291c658986b9777c6ee01b29857d7e7ccd00451482b1aaee,516a2919ce569b7cabb96eab6df1617f0ed0b874fac7702566ca59432b522f42,8b79c5c30b5447a511bebeb2d55164bda8362887,g++ (Ubuntu 13.3.0-6ubuntu2~24.04.1) 13.3.0,-std=c++17 -O2 -DNDEBUG -Wall -Wextra -DAHC015_SAMPLES=256 -DAHC015_CLASSIC=1 -DAHC015_MERGE=0 -DAHC015_TURN_SEED=1 -DAHC015_ENGINE_SEED=15015
45,0,reference_s384,384,1,0,864800,1.8613381260074675,0,7603200,c00c20ff33857628c4938d768812d46083f7c4e3ab774ec3c1907a869c152a90,1bdead5bc85093e40e18fcc7823e4e559aa1feb0ae16999c3d2475aff8b89fd0,516a2919ce569b7cabb96eab6df1617f0ed0b874fac7702566ca59432b522f42,8b79c5c30b5447a511bebeb2d55164bda8362887,g++ (Ubuntu 13.3.0-6ubuntu2~24.04.1) 13.3.0,-std=c++17 -O2 -DNDEBUG -Wall -Wextra -DAHC015_SAMPLES=384 -DAHC015_CLASSIC=1 -DAHC015_MERGE=0 -DAHC015_TURN_SEED=1 -DAHC015_ENGINE_SEED=15015
45,0,merged_s448,448,0,1,864800,1.865654977998929,0,7902828,c00c20ff33857628c4938d768812d46083f7c4e3ab774ec3c1907a869c152a90,1bdead5bc85093e40e18fcc7823e4e559aa1feb0ae16999c3d2475aff8b89fd0,0c208fd418b0d2843cd234bf8400b822e00db93575bc0efc6d4bd5eb373a006a,8b79c5c30b5447a511bebeb2d55164bda8362887,g++ (Ubuntu 13.3.0-6ubuntu2~24.04.1) 13.3.0,-std=c++17 -O2 -DNDEBUG -Wall -Wextra -DAHC015_SAMPLES=448 -DAHC015_CLASSIC=0 -DAHC015_MERGE=1 -DAHC015_TURN_SEED=1 -DAHC015_ENGINE_SEED=15015
46,0,reference_s384,384,1,0,815081,1.879107569999178,0,7603200,ea4bfa9a3def522045105690b322edc99d770899b4096e3d32d0602ae4ce074e,e72d10e933cc819fe03bacebc6c0aac0ae40f6d247bbdf814e754e682c3b5e16,516a2919ce569b7cabb96eab6df1617f0ed0b874fac7702566ca59432b522f42,8b79c5c30b5447a511bebeb2d55164bda8362887,g++ (Ubuntu 13.3.0-6ubuntu2~24.04.1) 13.3.0,-std=c++17 -O2 -DNDEBUG -Wall -Wextra -DAHC015_SAMPLES=384 -DAHC015_CLASSIC=1 -DAHC015_MERGE=0 -DAHC015_TURN_SEED=1 -DAHC015_ENGINE_SEED=15015
46,0,merged_s448,448,0,1,746260,1.8598340710013872,0,7984266,ea4bfa9a3def522045105690b322edc99d770899b4096e3d32d0602ae4ce074e,642704e7317dd8f9c6874e3bc04140c225559ebcbe57d3b828d67c9b311456ff,0c208fd418b0d2843cd234bf8400b822e00db93575bc0efc6d4bd5eb373a006a,8b79c5c30b5447a511bebeb2d55164bda8362887,g++ (Ubuntu 13.3.0-6ubuntu2~24.04.1) 13.3.0,-std=c++17 -O2 -DNDEBUG -Wall -Wextra -DAHC015_SAMPLES=448 -DAHC015_CLASSIC=0 -DAHC015_MERGE=1 -DAHC015_TURN_SEED=1 -DAHC015_ENGINE_SEED=15015
46,0,reference_s256,256,1,0,694195,1.2379016890045023,0,5068800,ea4bfa9a3def522045105690b322edc99d770899b4096e3d32d0602ae4ce074e,1d8969ee37ffc415b9dbc4835b1866e47b9992b724988db54979615f4e6f2815,516a2919ce569b7cabb96eab6df1617f0ed0b874fac7702566ca59432b522f42,8b79c5c30b5447a511bebeb2d55164bda8362887,g++ (Ubuntu 13.3.0-6ubuntu2~24.04.1) 13.3.0,-std=c++17 -O2 -DNDEBUG -Wall -Wextra -DAHC015_SAMPLES=256 -DAHC015_CLASSIC=1 -DAHC015_MERGE=0 -DAHC015_TURN_SEED=1 -DAHC015_ENGINE_SEED=15015
47,0,merged_s448,448,0,1,729105,1.7735137220006436,0,7849679,0f7ad42b97b3d8293e151799db350622aefd8281b790aa930fb23ef1a465f731,84cf1cc7db7c0d5b30e5ffd0bf6702631cbba7168f740c2f0eabee2bef04a4d5,0c208fd418b0d2843cd234bf8400b822e00db93575bc0efc6d4bd5eb373a006a,8b79c5c30b5447a511bebeb2d55164bda8362887,g++ (Ubuntu 13.3.0-6ubuntu2~24.04.1) 13.3.0,-std=c++17 -O2 -DNDEBUG -Wall -Wextra -DAHC015_SAMPLES=448 -DAHC015_CLASSIC=0 -DAHC015_MERGE=1 -DAHC015_TURN_SEED=1 -DAHC015_ENGINE_SEED=15015
47,0,reference_s256,256,1,0,801423,1.1795666119869566,0,5068800,0f7ad42b97b3d8293e151799db350622aefd8281b790aa930fb23ef1a465f731,0664f1565c36e4d334e88336378cfaf6e69f5bd861f24fd0b591de063a6c1412,516a2919ce569b7cabb96eab6df1617f0ed0b874fac7702566ca59432b522f42,8b79c5c30b5447a511bebeb2d55164bda8362887,g++ (Ubuntu 13.3.0-6ubuntu2~24.04.1) 13.3.0,-std=c++17 -O2 -DNDEBUG -Wall -Wextra -DAHC015_SAMPLES=256 -DAHC015_CLASSIC=1 -DAHC015_MERGE=0 -DAHC015_TURN_SEED=1 -DAHC015_ENGINE_SEED=15015
47,0,reference_s384,384,1,0,852401,1.8139365189999808,0,7603200,0f7ad42b97b3d8293e151799db350622aefd8281b790aa930fb23ef1a465f731,f952741c1a421c86677441027269c16954dffdc561e1357a2f956b78c24b7e40,516a2919ce569b7cabb96eab6df1617f0ed0b874fac7702566ca59432b522f42,8b79c5c30b5447a511bebeb2d55164bda8362887,g++ (Ubuntu 13.3.0-6ubuntu2~24.04.1) 13.3.0,-std=c++17 -O2 -DNDEBUG -Wall -Wextra -DAHC015_SAMPLES=384 -DAHC015_CLASSIC=1 -DAHC015_MERGE=0 -DAHC015_TURN_SEED=1 -DAHC015_ENGINE_SEED=15015
48,0,reference_s256,256,1,0,832262,1.2634940639982233,0,5068800,1dc9d6348157a416052d10b3027483e8f7d7e88d0cac202b8c94b77824375fc7,4d43fa3e7b120d78cd1f1621289dfd1d9b31718e1c96e6e8a0522ef6745fcb3b,516a2919ce569b7cabb96eab6df1617f0ed0b874fac7702566ca59432b522f42,8b79c5c30b5447a511bebeb2d55164bda8362887,g++ (Ubuntu 13.3.0-6ubuntu2~24.04.1) 13.3.0,-std=c++17 -O2 -DNDEBUG -Wall -Wextra -DAHC015_SAMPLES=256 -DAHC015_CLASSIC=1 -DAHC015_MERGE=0 -DAHC015_TURN_SEED=1 -DAHC015_ENGINE_SEED=15015
48,0,reference_s384,384,1,0,808299,1.8914392379956553,0,7603200,1dc9d6348157a416052d10b3027483e8f7d7e88d0cac202b8c94b77824375fc7,1815e965e38166b022d3f50325d7bf7bf0a4e45e41434bffec241f3d4847531f,516a2919ce569b7cabb96eab6df1617f0ed0b874fac7702566ca59432b522f42,8b79c5c30b5447a511bebeb2d55164bda8362887,g++ (Ubuntu 13.3.0-6ubuntu2~24.04.1) 13.3.0,-std=c++17 -O2 -DNDEBUG -Wall -Wextra -DAHC015_SAMPLES=384 -DAHC015_CLASSIC=1 -DAHC015_MERGE=0 -DAHC015_TURN_SEED=1 -DAHC015_ENGINE_SEED=15015
48,0,merged_s448,448,0,1,834015,1.927148208997096,0,8058571,1dc9d6348157a416052d10b3027483e8f7d7e88d0cac202b8c94b77824375fc7,b66f666f69ffadc034e571886819a9315fc4059fcdf46bdc1eaf2942a06cf105,0c208fd418b0d2843cd234bf8400b822e00db93575bc0efc6d4bd5eb373a006a,8b79c5c30b5447a511bebeb2d55164bda8362887,g++ (Ubuntu 13.3.0-6ubuntu2~24.04.1) 13.3.0,-std=c++17 -O2 -DNDEBUG -Wall -Wextra -DAHC015_SAMPLES=448 -DAHC015_CLASSIC=0 -DAHC015_MERGE=1 -DAHC015_TURN_SEED=1 -DAHC015_ENGINE_SEED=15015
49,0,reference_s384,384,1,0,773129,1.8244617390009807,0,7603200,d507dd8976c29a781edcb21120314087f3dac6da49b5c6632a40c20b0138873b,334165739a5c33956c2f0fd3748d088b49e9ac731712311e6730863669024fab,516a2919ce569b7cabb96eab6df1617f0ed0b874fac7702566ca59432b522f42,8b79c5c30b5447a511bebeb2d55164bda8362887,g++ (Ubuntu 13.3.0-6ubuntu2~24.04.1) 13.3.0,-std=c++17 -O2 -DNDEBUG -Wall -Wextra -DAHC015_SAMPLES=384 -DAHC015_CLASSIC=1 -DAHC015_MERGE=0 -DAHC015_TURN_SEED=1 -DAHC015_ENGINE_SEED=15015
49,0,merged_s448,448,0,1,814968,1.7748880790022667,0,7894079,d507dd8976c29a781edcb21120314087f3dac6da49b5c6632a40c20b0138873b,18e117570d1d0ddac3d1d5fb2aeedf32ddd332ff699c99b9b80ace50b81153f2,0c208fd418b0d2843cd234bf8400b822e00db93575bc0efc6d4bd5eb373a006a,8b79c5c30b5447a511bebeb2d55164bda8362887,g++ (Ubuntu 13.3.0-6ubuntu2~24.04.1) 13.3.0,-std=c++17 -O2 -DNDEBUG -Wall -Wextra -DAHC015_SAMPLES=448 -DAHC015_CLASSIC=0 -DAHC015_MERGE=1 -DAHC015_TURN_SEED=1 -DAHC015_ENGINE_SEED=15015
49,0,reference_s256,256,1,0,815557,1.1992179259978002,0,5068800,d507dd8976c29a781edcb21120314087f3dac6da49b5c6632a40c20b0138873b,7a816c49cbe2f25e326ee0440ce10cb53b6718fa201ed7b0e59f05527813c5c0,516a2919ce569b7cabb96eab6df1617f0ed0b874fac7702566ca59432b522f42,8b79c5c30b5447a511bebeb2d55164bda8362887,g++ (Ubuntu 13.3.0-6ubuntu2~24.04.1) 13.3.0,-std=c++17 -O2 -DNDEBUG -Wall -Wextra -DAHC015_SAMPLES=256 -DAHC015_CLASSIC=1 -DAHC015_MERGE=0 -DAHC015_TURN_SEED=1 -DAHC015_ENGINE_SEED=15015
50,0,merged_s448,448,0,1,746555,1.79086381799425,0,7753990,8c07fefc173e1372e1b4d61143ecde961331556a58d341a9c3d317a68699167a,a688915b660ca846ceff2ab170d2b83da2d733eb62aa6e8d47df01885f9ca7a9,0c208fd418b0d2843cd234bf8400b822e00db93575bc0efc6d4bd5eb373a006a,8b79c5c30b5447a511bebeb2d55164bda8362887,g++ (Ubuntu 13.3.0-6ubuntu2~24.04.1) 13.3.0,-std=c++17 -O2 -DNDEBUG -Wall -Wextra -DAHC015_SAMPLES=448 -DAHC015_CLASSIC=0 -DAHC015_MERGE=1 -DAHC015_TURN_SEED=1 -DAHC015_ENGINE_SEED=15015
50,0,reference_s256,256,1,0,831037,1.2188180009979988,0,5068800,8c07fefc173e1372e1b4d61143ecde961331556a58d341a9c3d317a68699167a,5db28fda93204eace61110a7fd0f995d2438a9a2c58a5d29e927cd08ec264473,516a2919ce569b7cabb96eab6df1617f0ed0b874fac7702566ca59432b522f42,8b79c5c30b5447a511bebeb2d55164bda8362887,g++ (Ubuntu 13.3.0-6ubuntu2~24.04.1) 13.3.0,-std=c++17 -O2 -DNDEBUG -Wall -Wextra -DAHC015_SAMPLES=256 -DAHC015_CLASSIC=1 -DAHC015_MERGE=0 -DAHC015_TURN_SEED=1 -DAHC015_ENGINE_SEED=15015
50,0,reference_s384,384,1,0,658478,1.8800346849893685,0,7603200,8c07fefc173e1372e1b4d61143ecde961331556a58d341a9c3d317a68699167a,b7cc10717e55ee40eb23305a7860a3db149e611f2e57766b1a02db0036382feb,516a2919ce569b7cabb96eab6df1617f0ed0b874fac7702566ca59432b522f42,8b79c5c30b5447a511bebeb2d55164bda8362887,g++ (Ubuntu 13.3.0-6ubuntu2~24.04.1) 13.3.0,-std=c++17 -O2 -DNDEBUG -Wall -Wextra -DAHC015_SAMPLES=384 -DAHC015_CLASSIC=1 -DAHC015_MERGE=0 -DAHC015_TURN_SEED=1 -DAHC015_ENGINE_SEED=15015
51,0,reference_s256,256,1,0,809863,1.2270475969999097,0,5068800,4eb49f6ef8153e3bd507cf535e99cb86c5d983f49430fc70fcce33b6f32c3af7,902a2c9f628e40dc6ab8fd4e29068c061251d2bebc081902f35a9845d757aa8a,516a2919ce569b7cabb96eab6df1617f0ed0b874fac7702566ca59432b522f42,8b79c5c30b5447a511bebeb2d55164bda8362887,g++ (Ubuntu 13.3.0-6ubuntu2~24.04.1) 13.3.0,-std=c++17 -O2 -DNDEBUG -Wall -Wextra -DAHC015_SAMPLES=256 -DAHC015_CLASSIC=1 -DAHC015_MERGE=0 -DAHC015_TURN_SEED=1 -DAHC015_ENGINE_SEED=15015
51,0,reference_s384,384,1,0,792038,1.858209092009929,0,7603200,4eb49f6ef8153e3bd507cf535e99cb86c5d983f49430fc70fcce33b6f32c3af7,a7592aa4c472f2434444d714f3d54a87eb22a0cb97fe205e7b404b3653cc5d50,516a2919ce569b7cabb96eab6df1617f0ed0b874fac7702566ca59432b522f42,8b79c5c30b5447a511bebeb2d55164bda8362887,g++ (Ubuntu 13.3.0-6ubuntu2~24.04.1) 13.3.0,-std=c++17 -O2 -DNDEBUG -Wall -Wextra -DAHC015_SAMPLES=384 -DAHC015_CLASSIC=1 -DAHC015_MERGE=0 -DAHC015_TURN_SEED=1 -DAHC015_ENGINE_SEED=15015
51,0,merged_s448,448,0,1,841355,1.7818171060062014,0,7689098,4eb49f6ef8153e3bd507cf535e99cb86c5d983f49430fc70fcce33b6f32c3af7,4aa07b6ee33f5efeb5eb5b37d61b18a67ce18b552ee6aa1633a34dff79830467,0c208fd418b0d2843cd234bf8400b822e00db93575bc0efc6d4bd5eb373a006a,8b79c5c30b5447a511bebeb2d55164bda8362887,g++ (Ubuntu 13.3.0-6ubuntu2~24.04.1) 13.3.0,-std=c++17 -O2 -DNDEBUG -Wall -Wextra -DAHC015_SAMPLES=448 -DAHC015_CLASSIC=0 -DAHC015_MERGE=1 -DAHC015_TURN_SEED=1 -DAHC015_ENGINE_SEED=15015
52,0,reference_s384,384,1,0,907019,1.8409515739913331,0,7603200,3d35e97ad8e2d5333e2dc8ead31830a57426613a0491f340606f6c5b37041bfe,6899c7284086cf45ba9d3d823264390a7c95a1c1317c1a7928199b9deb7dc95d,516a2919ce569b7cabb96eab6df1617f0ed0b874fac7702566ca59432b522f42,8b79c5c30b5447a511bebeb2d55164bda8362887,g++ (Ubuntu 13.3.0-6ubuntu2~24.04.1) 13.3.0,-std=c++17 -O2 -DNDEBUG -Wall -Wextra -DAHC015_SAMPLES=384 -DAHC015_CLASSIC=1 -DAHC015_MERGE=0 -DAHC015_TURN_SEED=1 -DAHC015_ENGINE_SEED=15015
52,0,merged_s448,448,0,1,850030,1.8404304870055057,0,8023607,3d35e97ad8e2d5333e2dc8ead31830a57426613a0491f340606f6c5b37041bfe,b7bbe7a58b294cdb628ec5bae0bb8c5cc94720c4731523014a02b95c4a64f3c2,0c208fd418b0d2843cd234bf8400b822e00db93575bc0efc6d4bd5eb373a006a,8b79c5c30b5447a511bebeb2d55164bda8362887,g++ (Ubuntu 13.3.0-6ubuntu2~24.04.1) 13.3.0,-std=c++17 -O2 -DNDEBUG -Wall -Wextra -DAHC015_SAMPLES=448 -DAHC015_CLASSIC=0 -DAHC015_MERGE=1 -DAHC015_TURN_SEED=1 -DAHC015_ENGINE_SEED=15015
52,0,reference_s256,256,1,0,853029,1.2176441260089632,0,5068800,3d35e97ad8e2d5333e2dc8ead31830a57426613a0491f340606f6c5b37041bfe,ee4567d230c53b2dc6f5a14904d0f20b0947a349d4b0075363ffeb8d4556f8cc,516a2919ce569b7cabb96eab6df1617f0ed0b874fac7702566ca59432b522f42,8b79c5c30b5447a511bebeb2d55164bda8362887,g++ (Ubuntu 13.3.0-6ubuntu2~24.04.1) 13.3.0,-std=c++17 -O2 -DNDEBUG -Wall -Wextra -DAHC015_SAMPLES=256 -DAHC015_CLASSIC=1 -DAHC015_MERGE=0 -DAHC015_TURN_SEED=1 -DAHC015_ENGINE_SEED=15015
53,0,merged_s448,448,0,1,810637,1.7937992509978358,0,7813027,880181d5329c9882644394a7112c99f27835f18e31df77eaadd15eea1c4dc8ff,be36276dea8d07565a4a92d7aec8662cdb31965bb2736cb463c07e1aab5db910,0c208fd418b0d2843cd234bf8400b822e00db93575bc0efc6d4bd5eb373a006a,8b79c5c30b5447a511bebeb2d55164bda8362887,g++ (Ubuntu 13.3.0-6ubuntu2~24.04.1) 13.3.0,-std=c++17 -O2 -DNDEBUG -Wall -Wextra -DAHC015_SAMPLES=448 -DAHC015_CLASSIC=0 -DAHC015_MERGE=1 -DAHC015_TURN_SEED=1 -DAHC015_ENGINE_SEED=15015
53,0,reference_s256,256,1,0,845704,1.1988099540030817,0,5068800,880181d5329c9882644394a7112c99f27835f18e31df77eaadd15eea1c4dc8ff,993ab936e4d6522e74083f5ecc63a811494ca29df6e1eff13ef05bc3b980a70e,516a2919ce569b7cabb96eab6df1617f0ed0b874fac7702566ca59432b522f42,8b79c5c30b5447a511bebeb2d55164bda8362887,g++ (Ubuntu 13.3.0-6ubuntu2~24.04.1) 13.3.0,-std=c++17 -O2 -DNDEBUG -Wall -Wextra -DAHC015_SAMPLES=256 -DAHC015_CLASSIC=1 -DAHC015_MERGE=0 -DAHC015_TURN_SEED=1 -DAHC015_ENGINE_SEED=15015
53,0,reference_s384,384,1,0,894214,1.847592229998554,0,7603200,880181d5329c9882644394a7112c99f27835f18e31df77eaadd15eea1c4dc8ff,f3c120a005ef724bc7c45539949bab902932e7d4fd4a7010db9ce2a7910dbd37,516a2919ce569b7cabb96eab6df1617f0ed0b874fac7702566ca59432b522f42,8b79c5c30b5447a511bebeb2d55164bda8362887,g++ (Ubuntu 13.3.0-6ubuntu2~24.04.1) 13.3.0,-std=c++17 -O2 -DNDEBUG -Wall -Wextra -DAHC015_SAMPLES=384 -DAHC015_CLASSIC=1 -DAHC015_MERGE=0 -DAHC015_TURN_SEED=1 -DAHC015_ENGINE_SEED=15015
54,0,reference_s256,256,1,0,844677,1.225959632996819,0,5068800,fbf7db15c86f74c78c5a22e5dccd26d1326415b49db40af06aa0a0eecaec40c6,c90b9cd119c5d3a7fed8088497f7d280c63da88e4c812386cd042baa5346aa5d,516a2919ce569b7cabb96eab6df1617f0ed0b874fac7702566ca59432b522f42,8b79c5c30b5447a511bebeb2d55164bda8362887,g++ (Ubuntu 13.3.0-6ubuntu2~24.04.1) 13.3.0,-std=c++17 -O2 -DNDEBUG -Wall -Wextra -DAHC015_SAMPLES=256 -DAHC015_CLASSIC=1 -DAHC015_MERGE=0 -DAHC015_TURN_SEED=1 -DAHC015_ENGINE_SEED=15015
54,0,reference_s384,384,1,0,871437,1.8561751849920256,0,7603200,fbf7db15c86f74c78c5a22e5dccd26d1326415b49db40af06aa0a0eecaec40c6,425b536426291503d4096c86e0764f00b0d073e6618466762eadfb6b31a30793,516a2919ce569b7cabb96eab6df1617f0ed0b874fac7702566ca59432b522f42,8b79c5c30b5447a511bebeb2d55164bda8362887,g++ (Ubuntu 13.3.0-6ubuntu2~24.04.1) 13.3.0,-std=c++17 -O2 -DNDEBUG -Wall -Wextra -DAHC015_SAMPLES=384 -DAHC015_CLASSIC=1 -DAHC015_MERGE=0 -DAHC015_TURN_SEED=1 -DAHC015_ENGINE_SEED=15015
54,0,merged_s448,448,0,1,855148,1.7903864050022094,0,7966073,fbf7db15c86f74c78c5a22e5dccd26d1326415b49db40af06aa0a0eecaec40c6,1dde8deecf8057ae0b1c1bfdce319b594a0fae95d4ef230d30a1b56771736cf7,0c208fd418b0d2843cd234bf8400b822e00db93575bc0efc6d4bd5eb373a006a,8b79c5c30b5447a511bebeb2d55164bda8362887,g++ (Ubuntu 13.3.0-6ubuntu2~24.04.1) 13.3.0,-std=c++17 -O2 -DNDEBUG -Wall -Wextra -DAHC015_SAMPLES=448 -DAHC015_CLASSIC=0 -DAHC015_MERGE=1 -DAHC015_TURN_SEED=1 -DAHC015_ENGINE_SEED=15015
55,0,reference_s384,384,1,0,784302,1.8640590629947837,0,7603200,999554f656042f1c3816b35889e99160a5fdbf94e90766b8f7d8081623c46191,ab0ceb4af2a03b6235de267732ae09d481ce1069d01290276c77d1e2e0ef6af5,516a2919ce569b7cabb96eab6df1617f0ed0b874fac7702566ca59432b522f42,8b79c5c30b5447a511bebeb2d55164bda8362887,g++ (Ubuntu 13.3.0-6ubuntu2~24.04.1) 13.3.0,-std=c++17 -O2 -DNDEBUG -Wall -Wextra -DAHC015_SAMPLES=384 -DAHC015_CLASSIC=1 -DAHC015_MERGE=0 -DAHC015_TURN_SEED=1 -DAHC015_ENGINE_SEED=15015
55,0,merged_s448,448,0,1,837627,1.831300749006914,0,7948536,999554f656042f1c3816b35889e99160a5fdbf94e90766b8f7d8081623c46191,1bbb409a74620cc9926e838dc54a008a088b0226f6adc369432aefd7002c629d,0c208fd418b0d2843cd234bf8400b822e00db93575bc0efc6d4bd5eb373a006a,8b79c5c30b5447a511bebeb2d55164bda8362887,g++ (Ubuntu 13.3.0-6ubuntu2~24.04.1) 13.3.0,-std=c++17 -O2 -DNDEBUG -Wall -Wextra -DAHC015_SAMPLES=448 -DAHC015_CLASSIC=0 -DAHC015_MERGE=1 -DAHC015_TURN_SEED=1 -DAHC015_ENGINE_SEED=15015
55,0,reference_s256,256,1,0,788496,1.2168085589946713,0,5068800,999554f656042f1c3816b35889e99160a5fdbf94e90766b8f7d8081623c46191,e938dfc768a7ab1823ac35a3c7d3baf5bc4ee5c0d43178bba10ed0fb7bbef713,516a2919ce569b7cabb96eab6df1617f0ed0b874fac7702566ca59432b522f42,8b79c5c30b5447a511bebeb2d55164bda8362887,g++ (Ubuntu 13.3.0-6ubuntu2~24.04.1) 13.3.0,-std=c++17 -O2 -DNDEBUG -Wall -Wextra -DAHC015_SAMPLES=256 -DAHC015_CLASSIC=1 -DAHC015_MERGE=0 -DAHC015_TURN_SEED=1 -DAHC015_ENGINE_SEED=15015
56,0,merged_s448,448,0,1,759270,1.8574849370052107,0,8092367,08817972b0ea9e37e7e2846bef47069d96bd4e0cebb58a37199985b74db56a5e,b960877630f907ba25ad6701284c7cc010bde16c49a9534666a41b05457e6a63,0c208fd418b0d2843cd234bf8400b822e00db93575bc0efc6d4bd5eb373a006a,8b79c5c30b5447a511bebeb2d55164bda8362887,g++ (Ubuntu 13.3.0-6ubuntu2~24.04.1) 13.3.0,-std=c++17 -O2 -DNDEBUG -Wall -Wextra -DAHC015_SAMPLES=448 -DAHC015_CLASSIC=0 -DAHC015_MERGE=1 -DAHC015_TURN_SEED=1 -DAHC015_ENGINE_SEED=15015
56,0,reference_s256,256,1,0,763833,1.2220996340038255,0,5068800,08817972b0ea9e37e7e2846bef47069d96bd4e0cebb58a37199985b74db56a5e,a51f7488bfa70d50e8acc87c86c759f5b3005b6e146401aeaee603c7a01be717,516a2919ce569b7cabb96eab6df1617f0ed0b874fac7702566ca59432b522f42,8b79c5c30b5447a511bebeb2d55164bda8362887,g++ (Ubuntu 13.3.0-6ubuntu2~24.04.1) 13.3.0,-std=c++17 -O2 -DNDEBUG -Wall -Wextra -DAHC015_SAMPLES=256 -DAHC015_CLASSIC=1 -DAHC015_MERGE=0 -DAHC015_TURN_SEED=1 -DAHC015_ENGINE_SEED=15015
56,0,reference_s384,384,1,0,827153,1.8331594079936622,0,7603200,08817972b0ea9e37e7e2846bef47069d96bd4e0cebb58a37199985b74db56a5e,13de45a28607c3bc10c2deb7a460bb52faad1c1e6fa746c68dacf30ecab40c16,516a2919ce569b7cabb96eab6df1617f0ed0b874fac7702566ca59432b522f42,8b79c5c30b5447a511bebeb2d55164bda8362887,g++ (Ubuntu 13.3.0-6ubuntu2~24.04.1) 13.3.0,-std=c++17 -O2 -DNDEBUG -Wall -Wextra -DAHC015_SAMPLES=384 -DAHC015_CLASSIC=1 -DAHC015_MERGE=0 -DAHC015_TURN_SEED=1 -DAHC015_ENGINE_SEED=15015
57,0,reference_s256,256,1,0,697078,1.2393424460024107,0,5068800,f36bd3bae4cb049236275710a2cc9018a0eae989893c9797b621548166062766,b35e592f3b520a1d7d5c40f686cc61df6eeb09e1d5de8358c62700194659ca5c,516a2919ce569b7cabb96eab6df1617f0ed0b874fac7702566ca59432b522f42,8b79c5c30b5447a511bebeb2d55164bda8362887,g++ (Ubuntu 13.3.0-6ubuntu2~24.04.1) 13.3.0,-std=c++17 -O2 -DNDEBUG -Wall -Wextra -DAHC015_SAMPLES=256 -DAHC015_CLASSIC=1 -DAHC015_MERGE=0 -DAHC015_TURN_SEED=1 -DAHC015_ENGINE_SEED=15015
57,0,reference_s384,384,1,0,820513,1.9088379319873638,0,7603200,f36bd3bae4cb049236275710a2cc9018a0eae989893c9797b621548166062766,396a363de60314cd9a2771707cc2b288e5b099118248cdf1fd9f68d3467668c7,516a2919ce569b7cabb96eab6df1617f0ed0b874fac7702566ca59432b522f42,8b79c5c30b5447a511bebeb2d55164bda8362887,g++ (Ubuntu 13.3.0-6ubuntu2~24.04.1) 13.3.0,-std=c++17 -O2 -DNDEBUG -Wall -Wextra -DAHC015_SAMPLES=384 -DAHC015_CLASSIC=1 -DAHC015_MERGE=0 -DAHC015_TURN_SEED=1 -DAHC015_ENGINE_SEED=15015
57,0,merged_s448,448,0,1,693500,1.857725718000438,0,7908721,f36bd3bae4cb049236275710a2cc9018a0eae989893c9797b621548166062766,2d8419b7cd3c14589c93cbc06c8333f8064b0c5e6a4b6f77309810daafd8e202,0c208fd418b0d2843cd234bf8400b822e00db93575bc0efc6d4bd5eb373a006a,8b79c5c30b5447a511bebeb2d55164bda8362887,g++ (Ubuntu 13.3.0-6ubuntu2~24.04.1) 13.3.0,-std=c++17 -O2 -DNDEBUG -Wall -Wextra -DAHC015_SAMPLES=448 -DAHC015_CLASSIC=0 -DAHC015_MERGE=1 -DAHC015_TURN_SEED=1 -DAHC015_ENGINE_SEED=15015
58,0,reference_s384,384,1,0,809054,1.8753010019863723,0,7603200,6d6354547290812b643911a4e8944b6769c4a1c2f864c2b072a63d3d36f50b4a,4c19d0fd2aff9e3995eaa4fae4aa07c77e2d4c1fc3eef8d3b23d49e9b345aab8,516a2919ce569b7cabb96eab6df1617f0ed0b874fac7702566ca59432b522f42,8b79c5c30b5447a511bebeb2d55164bda8362887,g++ (Ubuntu 13.3.0-6ubuntu2~24.04.1) 13.3.0,-std=c++17 -O2 -DNDEBUG -Wall -Wextra -DAHC015_SAMPLES=384 -DAHC015_CLASSIC=1 -DAHC015_MERGE=0 -DAHC015_TURN_SEED=1 -DAHC015_ENGINE_SEED=15015
58,0,merged_s448,448,0,1,716193,1.808506501998636,0,7712224,6d6354547290812b643911a4e8944b6769c4a1c2f864c2b072a63d3d36f50b4a,d84de78ca9b77efefc10a6714733144bb6aa095c3981222be5c592bf1938d630,0c208fd418b0d2843cd234bf8400b822e00db93575bc0efc6d4bd5eb373a006a,8b79c5c30b5447a511bebeb2d55164bda8362887,g++ (Ubuntu 13.3.0-6ubuntu2~24.04.1) 13.3.0,-std=c++17 -O2 -DNDEBUG -Wall -Wextra -DAHC015_SAMPLES=448 -DAHC015_CLASSIC=0 -DAHC015_MERGE=1 -DAHC015_TURN_SEED=1 -DAHC015_ENGINE_SEED=15015
58,0,reference_s256,256,1,0,777713,1.2262768359942129,0,5068800,6d6354547290812b643911a4e8944b6769c4a1c2f864c2b072a63d3d36f50b4a,48d7e7fdfe16828ef66dce998e428b5540b3ad66d9032f2604b79de32aadbeab,516a2919ce569b7cabb96eab6df1617f0ed0b874fac7702566ca59432b522f42,8b79c5c30b5447a511bebeb2d55164bda8362887,g++ (Ubuntu 13.3.0-6ubuntu2~24.04.1) 13.3.0,-std=c++17 -O2 -DNDEBUG -Wall -Wextra -DAHC015_SAMPLES=256 -DAHC015_CLASSIC=1 -DAHC015_MERGE=0 -DAHC015_TURN_SEED=1 -DAHC015_ENGINE_SEED=15015
59,0,merged_s448,448,0,1,800119,1.7876674580038525,0,7790255,4d47178f24ef7dee4013ce0eadc22171f2cc0ab8e79fc13425d71106713cd656,adec57c7dc605596233bf69e78925797dbbd31837d3a6330b5e8d8c1acd1dcb7,0c208fd418b0d2843cd234bf8400b822e00db93575bc0efc6d4bd5eb373a006a,8b79c5c30b5447a511bebeb2d55164bda8362887,g++ (Ubuntu 13.3.0-6ubuntu2~24.04.1) 13.3.0,-std=c++17 -O2 -DNDEBUG -Wall -Wextra -DAHC015_SAMPLES=448 -DAHC015_CLASSIC=0 -DAHC015_MERGE=1 -DAHC015_TURN_SEED=1 -DAHC015_ENGINE_SEED=15015
59,0,reference_s256,256,1,0,875895,1.2142628020083066,0,5068800,4d47178f24ef7dee4013ce0eadc22171f2cc0ab8e79fc13425d71106713cd656,5874a2b6e9f0bd7810dde932fc641510d76ac835d245ce0015f80a2a25593597,516a2919ce569b7cabb96eab6df1617f0ed0b874fac7702566ca59432b522f42,8b79c5c30b5447a511bebeb2d55164bda8362887,g++ (Ubuntu 13.3.0-6ubuntu2~24.04.1) 13.3.0,-std=c++17 -O2 -DNDEBUG -Wall -Wextra -DAHC015_SAMPLES=256 -DAHC015_CLASSIC=1 -DAHC015_MERGE=0 -DAHC015_TURN_SEED=1 -DAHC015_ENGINE_SEED=15015
59,0,reference_s384,384,1,0,842482,1.8296437219978543,0,7603200,4d47178f24ef7dee4013ce0eadc22171f2cc0ab8e79fc13425d71106713cd656,46923de5cffc041da276e3f7ec23f9846aa53546bf2b99df9c51a12ec3096ba0,516a2919ce569b7cabb96eab6df1617f0ed0b874fac7702566ca59432b522f42,8b79c5c30b5447a511bebeb2d55164bda8362887,g++ (Ubuntu 13.3.0-6ubuntu2~24.04.1) 13.3.0,-std=c++17 -O2 -DNDEBUG -Wall -Wextra -DAHC015_SAMPLES=384 -DAHC015_CLASSIC=1 -DAHC015_MERGE=0 -DAHC015_TURN_SEED=1 -DAHC015_ENGINE_SEED=15015
60,0,reference_s256,256,1,0,730998,1.2388140559924068,0,5068800,79fe4b7eb2c2f9b019b0bff9d3c908f69f4daaba3f0c1c1f94ec9db37c0e44d5,43cd5d4dece5a4d77d1be52551db0d8fb13204681d8af135a471979bf0f303a5,516a2919ce569b7cabb96eab6df1617f0ed0b874fac7702566ca59432b522f42,8b79c5c30b5447a511bebeb2d55164bda8362887,g++ (Ubuntu 13.3.0-6ubuntu2~24.04.1) 13.3.0,-std=c++17 -O2 -DNDEBUG -Wall -Wextra -DAHC015_SAMPLES=256 -DAHC015_CLASSIC=1 -DAHC015_MERGE=0 -DAHC015_TURN_SEED=1 -DAHC015_ENGINE_SEED=15015
60,0,reference_s384,384,1,0,798100,1.8829843389976304,0,7603200,79fe4b7eb2c2f9b019b0bff9d3c908f69f4daaba3f0c1c1f94ec9db37c0e44d5,1308acad4d8079a908d96e76b2efe60b498c1f8dfae5264357ed91c951e18938,516a2919ce569b7cabb96eab6df1617f0ed0b874fac7702566ca59432b522f42,8b79c5c30b5447a511bebeb2d55164bda8362887,g++ (Ubuntu 13.3.0-6ubuntu2~24.04.1) 13.3.0,-std=c++17 -O2 -DNDEBUG -Wall -Wextra -DAHC015_SAMPLES=384 -DAHC015_CLASSIC=1 -DAHC015_MERGE=0 -DAHC015_TURN_SEED=1 -DAHC015_ENGINE_SEED=15015
60,0,merged_s448,448,0,1,897268,1.8479458860092564,0,7956416,79fe4b7eb2c2f9b019b0bff9d3c908f69f4daaba3f0c1c1f94ec9db37c0e44d5,4fed5a892c3db3f494531810dc9676d753e82beb30bced4494f08a24cc58f2bf,0c208fd418b0d2843cd234bf8400b822e00db93575bc0efc6d4bd5eb373a006a,8b79c5c30b5447a511bebeb2d55164bda8362887,g++ (Ubuntu 13.3.0-6ubuntu2~24.04.1) 13.3.0,-std=c++17 -O2 -DNDEBUG -Wall -Wextra -DAHC015_SAMPLES=448 -DAHC015_CLASSIC=0 -DAHC015_MERGE=1 -DAHC015_TURN_SEED=1 -DAHC015_ENGINE_SEED=15015
61,0,reference_s384,384,1,0,876841,1.8628201959945727,0,7603200,989f4d1abecc1845442bbb14e7e84946cd311e602645710df5be183e0207a4ac,8ac48d985a863d5c92aaae3bb2bffc8a9244d113131e877d89450598dbd20962,516a2919ce569b7cabb96eab6df1617f0ed0b874fac7702566ca59432b522f42,8b79c5c30b5447a511bebeb2d55164bda8362887,g++ (Ubuntu 13.3.0-6ubuntu2~24.04.1) 13.3.0,-std=c++17 -O2 -DNDEBUG -Wall -Wextra -DAHC015_SAMPLES=384 -DAHC015_CLASSIC=1 -DAHC015_MERGE=0 -DAHC015_TURN_SEED=1 -DAHC015_ENGINE_SEED=15015
61,0,merged_s448,448,0,1,791986,1.8536223269911716,0,8078454,989f4d1abecc1845442bbb14e7e84946cd311e602645710df5be183e0207a4ac,78650d4aeccf62eef70c72bd4264889f9e9ada5b1fc373f0f2c8f6ed9aaadd4d,0c208fd418b0d2843cd234bf8400b822e00db93575bc0efc6d4bd5eb373a006a,8b79c5c30b5447a511bebeb2d55164bda8362887,g++ (Ubuntu 13.3.0-6ubuntu2~24.04.1) 13.3.0,-std=c++17 -O2 -DNDEBUG -Wall -Wextra -DAHC015_SAMPLES=448 -DAHC015_CLASSIC=0 -DAHC015_MERGE=1 -DAHC015_TURN_SEED=1 -DAHC015_ENGINE_SEED=15015
61,0,reference_s256,256,1,0,876841,1.209505779988831,0,5068800,989f4d1abecc1845442bbb14e7e84946cd311e602645710df5be183e0207a4ac,484d3e82f3b5eb22a411a83c6352732947d23007c6c87318abbedc6561c5ce30,516a2919ce569b7cabb96eab6df1617f0ed0b874fac7702566ca59432b522f42,8b79c5c30b5447a511bebeb2d55164bda8362887,g++ (Ubuntu 13.3.0-6ubuntu2~24.04.1) 13.3.0,-std=c++17 -O2 -DNDEBUG -Wall -Wextra -DAHC015_SAMPLES=256 -DAHC015_CLASSIC=1 -DAHC015_MERGE=0 -DAHC015_TURN_SEED=1 -DAHC015_ENGINE_SEED=15015
62,0,merged_s448,448,0,1,800344,1.8090176939876983,0,7889468,d1fcaee4192015893de5df9b7c008a7bf331ce9665ca54384d856dbf384f9f15,be63d2d9fffb6a3ea07703f1cc755ae379083aa95b1d01e46123e3ac6b684203,0c208fd418b0d2843cd234bf8400b822e00db93575bc0efc6d4bd5eb373a006a,8b79c5c30b5447a511bebeb2d55164bda8362887,g++ (Ubuntu 13.3.0-6ubuntu2~24.04.1) 13.3.0,-std=c++17 -O2 -DNDEBUG -Wall -Wextra -DAHC015_SAMPLES=448 -DAHC015_CLASSIC=0 -DAHC015_MERGE=1 -DAHC015_TURN_SEED=1 -DAHC015_ENGINE_SEED=15015
62,0,reference_s256,256,1,0,849111,1.1906386710033985,0,5068800,d1fcaee4192015893de5df9b7c008a7bf331ce9665ca54384d856dbf384f9f15,8396bcc122918e4cf81e0ee10fdf9254dce1692a403eb08867135105eeaf6ae6,516a2919ce569b7cabb96eab6df1617f0ed0b874fac7702566ca59432b522f42,8b79c5c30b5447a511bebeb2d55164bda8362887,g++ (Ubuntu 13.3.0-6ubuntu2~24.04.1) 13.3.0,-std=c++17 -O2 -DNDEBUG -Wall -Wextra -DAHC015_SAMPLES=256 -DAHC015_CLASSIC=1 -DAHC015_MERGE=0 -DAHC015_TURN_SEED=1 -DAHC015_ENGINE_SEED=15015
62,0,reference_s384,384,1,0,821572,1.829986936005298,0,7603200,d1fcaee4192015893de5df9b7c008a7bf331ce9665ca54384d856dbf384f9f15,64311fc89611baa9131ba1e7d5b1e205fb3763f81dcf253d613b17910a2af5e6,516a2919ce569b7cabb96eab6df1617f0ed0b874fac7702566ca59432b522f42,8b79c5c30b5447a511bebeb2d55164bda8362887,g++ (Ubuntu 13.3.0-6ubuntu2~24.04.1) 13.3.0,-std=c++17 -O2 -DNDEBUG -Wall -Wextra -DAHC015_SAMPLES=384 -DAHC015_CLASSIC=1 -DAHC015_MERGE=0 -DAHC015_TURN_SEED=1 -DAHC015_ENGINE_SEED=15015
63,0,reference_s256,256,1,0,850872,1.2422830299910856,0,5068800,85793f9044279fcc0da02b0a287d5d9de3ea0a107ef6edec0a23439522021f4c,ad17c0a371cdee5f40fe6f2910202a61c632b920c469c5338efa3c3ee038d0f2,516a2919ce569b7cabb96eab6df1617f0ed0b874fac7702566ca59432b522f42,8b79c5c30b5447a511bebeb2d55164bda8362887,g++ (Ubuntu 13.3.0-6ubuntu2~24.04.1) 13.3.0,-std=c++17 -O2 -DNDEBUG -Wall -Wextra -DAHC015_SAMPLES=256 -DAHC015_CLASSIC=1 -DAHC015_MERGE=0 -DAHC015_TURN_SEED=1 -DAHC015_ENGINE_SEED=15015
63,0,reference_s384,384,1,0,690490,1.870299136993708,0,7603200,85793f9044279fcc0da02b0a287d5d9de3ea0a107ef6edec0a23439522021f4c,d47891dbeb03d903b2b2e6929d50342cc91557057929652a22e76f42d1ac6f1c,516a2919ce569b7cabb96eab6df1617f0ed0b874fac7702566ca59432b522f42,8b79c5c30b5447a511bebeb2d55164bda8362887,g++ (Ubuntu 13.3.0-6ubuntu2~24.04.1) 13.3.0,-std=c++17 -O2 -DNDEBUG -Wall -Wextra -DAHC015_SAMPLES=384 -DAHC015_CLASSIC=1 -DAHC015_MERGE=0 -DAHC015_TURN_SEED=1 -DAHC015_ENGINE_SEED=15015
63,0,merged_s448,448,0,1,867755,1.8182783689990174,0,7807878,85793f9044279fcc0da02b0a287d5d9de3ea0a107ef6edec0a23439522021f4c,d2dd9404ef1f71929d4c366fa006bb5e91b190180f1fa75a10351d1eda34909b,0c208fd418b0d2843cd234bf8400b822e00db93575bc0efc6d4bd5eb373a006a,8b79c5c30b5447a511bebeb2d55164bda8362887,g++ (Ubuntu 13.3.0-6ubuntu2~24.04.1) 13.3.0,-std=c++17 -O2 -DNDEBUG -Wall -Wextra -DAHC015_SAMPLES=448 -DAHC015_CLASSIC=0 -DAHC015_MERGE=1 -DAHC015_TURN_SEED=1 -DAHC015_ENGINE_SEED=15015
64,0,reference_s384,384,1,0,729105,1.9080871049955022,0,7603200,0b8c73ac5cbd816bf96a2c4d40ade047f34ff92e8c4ff0ba460c79614da0a3b7,63ef8aef17761a6ce8c8fda7baefb69c343675fd8d9857b4a283c7fd8ea57615,516a2919ce569b7cabb96eab6df1617f0ed0b874fac7702566ca59432b522f42,8b79c5c30b5447a511bebeb2d55164bda8362887,g++ (Ubuntu 13.3.0-6ubuntu2~24.04.1) 13.3.0,-std=c++17 -O2 -DNDEBUG -Wall -Wextra -DAHC015_SAMPLES=384 -DAHC015_CLASSIC=1 -DAHC015_MERGE=0 -DAHC015_TURN_SEED=1 -DAHC015_ENGINE_SEED=15015
64,0,merged_s448,448,0,1,804979,1.8278186859970447,0,7814408,0b8c73ac5cbd816bf96a2c4d40ade047f34ff92e8c4ff0ba460c79614da0a3b7,e78d3ec97ef2e2e22ec78b365ff4b1a8fcc9d03e0721039d17a69724b335ef53,0c208fd418b0d2843cd234bf8400b822e00db93575bc0efc6d4bd5eb373a006a,8b79c5c30b5447a511bebeb2d55164bda8362887,g++ (Ubuntu 13.3.0-6ubuntu2~24.04.1) 13.3.0,-std=c++17 -O2 -DNDEBUG -Wall -Wextra -DAHC015_SAMPLES=448 -DAHC015_CLASSIC=0 -DAHC015_MERGE=1 -DAHC015_TURN_SEED=1 -DAHC015_ENGINE_SEED=15015
64,0,reference_s256,256,1,0,774748,1.2512905080075143,0,5068800,0b8c73ac5cbd816bf96a2c4d40ade047f34ff92e8c4ff0ba460c79614da0a3b7,cbaebe7120d7aa83c0fdeb85caa5bb3ce5720b9f524fba7fbc6b96a7972ab99e,516a2919ce569b7cabb96eab6df1617f0ed0b874fac7702566ca59432b522f42,8b79c5c30b5447a511bebeb2d55164bda8362887,g++ (Ubuntu 13.3.0-6ubuntu2~24.04.1) 13.3.0,-std=c++17 -O2 -DNDEBUG -Wall -Wextra -DAHC015_SAMPLES=256 -DAHC015_CLASSIC=1 -DAHC015_MERGE=0 -DAHC015_TURN_SEED=1 -DAHC015_ENGINE_SEED=15015
65,0,merged_s448,448,0,1,725059,1.8728729729918996,0,8059129,794e6e2a2ae099f3ca9bbbfd38bf699b40d6f6d7041a43af099f5e0c3d2cf6a2,2114c4b6962681efcdc952c62469e77f2c46c4c3ba9bcfbf0d45ae53df9437e9,0c208fd418b0d2843cd234bf8400b822e00db93575bc0efc6d4bd5eb373a006a,8b79c5c30b5447a511bebeb2d55164bda8362887,g++ (Ubuntu 13.3.0-6ubuntu2~24.04.1) 13.3.0,-std=c++17 -O2 -DNDEBUG -Wall -Wextra -DAHC015_SAMPLES=448 -DAHC015_CLASSIC=0 -DAHC015_MERGE=1 -DAHC015_TURN_SEED=1 -DAHC015_ENGINE_SEED=15015
65,0,reference_s256,256,1,0,668646,1.2317599590023747,0,5068800,794e6e2a2ae099f3ca9bbbfd38bf699b40d6f6d7041a43af099f5e0c3d2cf6a2,f1585959fd2a4c27b3c76499bf53b8ad3b2271418b9d45cced8b3d828c2edad4,516a2919ce569b7cabb96eab6df1617f0ed0b874fac7702566ca59432b522f42,8b79c5c30b5447a511bebeb2d55164bda8362887,g++ (Ubuntu 13.3.0-6ubuntu2~24.04.1) 13.3.0,-std=c++17 -O2 -DNDEBUG -Wall -Wextra -DAHC015_SAMPLES=256 -DAHC015_CLASSIC=1 -DAHC015_MERGE=0 -DAHC015_TURN_SEED=1 -DAHC015_ENGINE_SEED=15015
65,0,reference_s384,384,1,0,742280,1.8622524899983546,0,7603200,794e6e2a2ae099f3ca9bbbfd38bf699b40d6f6d7041a43af099f5e0c3d2cf6a2,1e1b933f027695ff60f0d7a3242b3ab894253ea90cf236443298279f9f90d86e,516a2919ce569b7cabb96eab6df1617f0ed0b874fac7702566ca59432b522f42,8b79c5c30b5447a511bebeb2d55164bda8362887,g++ (Ubuntu 13.3.0-6ubuntu2~24.04.1) 13.3.0,-std=c++17 -O2 -DNDEBUG -Wall -Wextra -DAHC015_SAMPLES=384 -DAHC015_CLASSIC=1 -DAHC015_MERGE=0 -DAHC015_TURN_SEED=1 -DAHC015_ENGINE_SEED=15015
66,0,reference_s256,256,1,0,775015,1.224898889005999,0,5068800,f1703a6957f6fb4b9119e8ed6b3ae431fb25421b1aa005f1221d6af09222cda3,0481d86a2344a88cfa1a282f8014f7a8d0183ecd9fb47aa38f8af4ace718ecb1,516a2919ce569b7cabb96eab6df1617f0ed0b874fac7702566ca59432b522f42,8b79c5c30b5447a511bebeb2d55164bda8362887,g++ (Ubuntu 13.3.0-6ubuntu2~24.04.1) 13.3.0,-std=c++17 -O2 -DNDEBUG -Wall -Wextra -DAHC015_SAMPLES=256 -DAHC015_CLASSIC=1 -DAHC015_MERGE=0 -DAHC015_TURN_SEED=1 -DAHC015_ENGINE_SEED=15015
66,0,reference_s384,384,1,0,766134,1.8688599840097595,0,7603200,f1703a6957f6fb4b9119e8ed6b3ae431fb25421b1aa005f1221d6af09222cda3,c33a723dd1c739dc2d1cbda123ab583a5cd95fd51997dfb89bc90cb4bb0ae9cd,516a2919ce569b7cabb96eab6df1617f0ed0b874fac7702566ca59432b522f42,8b79c5c30b5447a511bebeb2d55164bda8362887,g++ (Ubuntu 13.3.0-6ubuntu2~24.04.1) 13.3.0,-std=c++17 -O2 -DNDEBUG -Wall -Wextra -DAHC015_SAMPLES=384 -DAHC015_CLASSIC=1 -DAHC015_MERGE=0 -DAHC015_TURN_SEED=1 -DAHC015_ENGINE_SEED=15015
66,0,merged_s448,448,0,1,708703,1.8362377110024681,0,7774421,f1703a6957f6fb4b9119e8ed6b3ae431fb25421b1aa005f1221d6af09222cda3,e579cee74c880b70e58bed3517819e6b0cd1577eb1d79577f756ae4e8c393eb4,0c208fd418b0d2843cd234bf8400b822e00db93575bc0efc6d4bd5eb373a006a,8b79c5c30b5447a511bebeb2d55164bda8362887,g++ (Ubuntu 13.3.0-6ubuntu2~24.04.1) 13.3.0,-std=c++17 -O2 -DNDEBUG -Wall -Wextra -DAHC015_SAMPLES=448 -DAHC015_CLASSIC=0 -DAHC015_MERGE=1 -DAHC015_TURN_SEED=1 -DAHC015_ENGINE_SEED=15015
67,0,reference_s384,384,1,0,710793,1.8615866039908724,0,7603200,ad4add12f532edb5ffd33295f36941943fe13397eb2d11f0e9143b9c04e76b09,14bcfc3ea3fbeb1f81dbf32e74ec0e8cce688200bedef35c3072ecfb0e5589dc,516a2919ce569b7cabb96eab6df1617f0ed0b874fac7702566ca59432b522f42,8b79c5c30b5447a511bebeb2d55164bda8362887,g++ (Ubuntu 13.3.0-6ubuntu2~24.04.1) 13.3.0,-std=c++17 -O2 -DNDEBUG -Wall -Wextra -DAHC015_SAMPLES=384 -DAHC015_CLASSIC=1 -DAHC015_MERGE=0 -DAHC015_TURN_SEED=1 -DAHC015_ENGINE_SEED=15015
67,0,merged_s448,448,0,1,697674,1.794544874006533,0,7858624,ad4add12f532edb5ffd33295f36941943fe13397eb2d11f0e9143b9c04e76b09,0ff94fe15707f97d608e85d193f8e6b633c02bf9fa165af975120ab19a308ce0,0c208fd418b0d2843cd234bf8400b822e00db93575bc0efc6d4bd5eb373a006a,8b79c5c30b5447a511bebeb2d55164bda8362887,g++ (Ubuntu 13.3.0-6ubuntu2~24.04.1) 13.3.0,-std=c++17 -O2 -DNDEBUG -Wall -Wextra -DAHC015_SAMPLES=448 -DAHC015_CLASSIC=0 -DAHC015_MERGE=1 -DAHC015_TURN_SEED=1 -DAHC015_ENGINE_SEED=15015
67,0,reference_s256,256,1,0,714371,1.2229284310014918,0,5068800,ad4add12f532edb5ffd33295f36941943fe13397eb2d11f0e9143b9c04e76b09,cc73a9cdff936691b3219d5db04d4d2868309dc70baf67c798ccf50dc73c075e,516a2919ce569b7cabb96eab6df1617f0ed0b874fac7702566ca59432b522f42,8b79c5c30b5447a511bebeb2d55164bda8362887,g++ (Ubuntu 13.3.0-6ubuntu2~24.04.1) 13.3.0,-std=c++17 -O2 -DNDEBUG -Wall -Wextra -DAHC015_SAMPLES=256 -DAHC015_CLASSIC=1 -DAHC015_MERGE=0 -DAHC015_TURN_SEED=1 -DAHC015_ENGINE_SEED=15015
68,0,merged_s448,448,0,1,823995,1.8230823689955287,0,7897929,2bbb2511c08e354747f54460ba942b65ec902536531674d691e2a2c9f1bb6e3f,0fc2e4c14c9a7cebf8e26028b7e8d39b94c20b33aa8aec5e6c2af04749a2ec3a,0c208fd418b0d2843cd234bf8400b822e00db93575bc0efc6d4bd5eb373a006a,8b79c5c30b5447a511bebeb2d55164bda8362887,g++ (Ubuntu 13.3.0-6ubuntu2~24.04.1) 13.3.0,-std=c++17 -O2 -DNDEBUG -Wall -Wextra -DAHC015_SAMPLES=448 -DAHC015_CLASSIC=0 -DAHC015_MERGE=1 -DAHC015_TURN_SEED=1 -DAHC015_ENGINE_SEED=15015
68,0,reference_s256,256,1,0,833616,1.213715666992357,0,5068800,2bbb2511c08e354747f54460ba942b65ec902536531674d691e2a2c9f1bb6e3f,a3cf844df4c3da474a47b3a1ac526f8984d077b1ef6b4224aebc9bc82cceeca9,516a2919ce569b7cabb96eab6df1617f0ed0b874fac7702566ca59432b522f42,8b79c5c30b5447a511bebeb2d55164bda8362887,g++ (Ubuntu 13.3.0-6ubuntu2~24.04.1) 13.3.0,-std=c++17 -O2 -DNDEBUG -Wall -Wextra -DAHC015_SAMPLES=256 -DAHC015_CLASSIC=1 -DAHC015_MERGE=0 -DAHC015_TURN_SEED=1 -DAHC015_ENGINE_SEED=15015
68,0,reference_s384,384,1,0,817204,1.8713690680015134,0,7603200,2bbb2511c08e354747f54460ba942b65ec902536531674d691e2a2c9f1bb6e3f,d56f0326852d2d5d809078785921478082eba7ca5a1d0d82b676154c655e0cba,516a2919ce569b7cabb96eab6df1617f0ed0b874fac7702566ca59432b522f42,8b79c5c30b5447a511bebeb2d55164bda8362887,g++ (Ubuntu 13.3.0-6ubuntu2~24.04.1) 13.3.0,-std=c++17 -O2 -DNDEBUG -Wall -Wextra -DAHC015_SAMPLES=384 -DAHC015_CLASSIC=1 -DAHC015_MERGE=0 -DAHC015_TURN_SEED=1 -DAHC015_ENGINE_SEED=15015
69,0,reference_s256,256,1,0,850030,1.1982141610060353,0,5068800,4eb44cf7ee992f043edbd4374f4542e5f390de3d30389c23842fde2bf7d5af18,95d140ef900f2bf37ac3a1dd26c8085890381f0e56f3f04654cc13f93167066f,516a2919ce569b7cabb96eab6df1617f0ed0b874fac7702566ca59432b522f42,8b79c5c30b5447a511bebeb2d55164bda8362887,g++ (Ubuntu 13.3.0-6ubuntu2~24.04.1) 13.3.0,-std=c++17 -O2 -DNDEBUG -Wall -Wextra -DAHC015_SAMPLES=256 -DAHC015_CLASSIC=1 -DAHC015_MERGE=0 -DAHC015_TURN_SEED=1 -DAHC015_ENGINE_SEED=15015
69,0,reference_s384,384,1,0,850030,1.8417256599932443,0,7603200,4eb44cf7ee992f043edbd4374f4542e5f390de3d30389c23842fde2bf7d5af18,3a9c391bd991635b8e59f9a0479ecac1b9a70afdc32f8d736d89a3eaa8773a22,516a2919ce569b7cabb96eab6df1617f0ed0b874fac7702566ca59432b522f42,8b79c5c30b5447a511bebeb2d55164bda8362887,g++ (Ubuntu 13.3.0-6ubuntu2~24.04.1) 13.3.0,-std=c++17 -O2 -DNDEBUG -Wall -Wextra -DAHC015_SAMPLES=384 -DAHC015_CLASSIC=1 -DAHC015_MERGE=0 -DAHC015_TURN_SEED=1 -DAHC015_ENGINE_SEED=15015
69,0,merged_s448,448,0,1,906419,1.8116482440091204,0,7866992,4eb44cf7ee992f043edbd4374f4542e5f390de3d30389c23842fde2bf7d5af18,fd1eba4a978daf693b241a4fbf5bb4d963ac9b4bee741e4d6276c15bf1e115d2,0c208fd418b0d2843cd234bf8400b822e00db93575bc0efc6d4bd5eb373a006a,8b79c5c30b5447a511bebeb2d55164bda8362887,g++ (Ubuntu 13.3.0-6ubuntu2~24.04.1) 13.3.0,-std=c++17 -O2 -DNDEBUG -Wall -Wextra -DAHC015_SAMPLES=448 -DAHC015_CLASSIC=0 -DAHC015_MERGE=1 -DAHC015_TURN_SEED=1 -DAHC015_ENGINE_SEED=15015
70,0,reference_s384,384,1,0,800705,1.8993093769968254,0,7603200,90fa729972d32f28a2cfdb7db3fb6b84a96e085af217897d34beb27af84eafa0,1f668e6e9564e870fa33fd31aec9e58ea892128fa928e00ea5a34070600b41e7,516a2919ce569b7cabb96eab6df1617f0ed0b874fac7702566ca59432b522f42,8b79c5c30b5447a511bebeb2d55164bda8362887,g++ (Ubuntu 13.3.0-6ubuntu2~24.04.1) 13.3.0,-std=c++17 -O2 -DNDEBUG -Wall -Wextra -DAHC015_SAMPLES=384 -DAHC015_CLASSIC=1 -DAHC015_MERGE=0 -DAHC015_TURN_SEED=1 -DAHC015_ENGINE_SEED=15015
70,0,merged_s448,448,0,1,745444,1.8464701070042793,0,7909896,90fa729972d32f28a2cfdb7db3fb6b84a96e085af217897d34beb27af84eafa0,8c74cbd815ff494c5c0522549d2316ef16026a7f1b38327d29e3671fb81c0be3,0c208fd418b0d2843cd234bf8400b822e00db93575bc0efc6d4bd5eb373a006a,8b79c5c30b5447a511bebeb2d55164bda8362887,g++ (Ubuntu 13.3.0-6ubuntu2~24.04.1) 13.3.0,-std=c++17 -O2 -DNDEBUG -Wall -Wextra -DAHC015_SAMPLES=448 -DAHC015_CLASSIC=0 -DAHC015_MERGE=1 -DAHC015_TURN_SEED=1 -DAHC015_ENGINE_SEED=15015
70,0,reference_s256,256,1,0,676661,1.2534493939892855,0,5068800,90fa729972d32f28a2cfdb7db3fb6b84a96e085af217897d34beb27af84eafa0,4ff76d31fcd26a5ca83d9ddae1a5efbbbb1abae6dc9f4dd7a582b7f00f79dd77,516a2919ce569b7cabb96eab6df1617f0ed0b874fac7702566ca59432b522f42,8b79c5c30b5447a511bebeb2d55164bda8362887,g++ (Ubuntu 13.3.0-6ubuntu2~24.04.1) 13.3.0,-std=c++17 -O2 -DNDEBUG -Wall -Wextra -DAHC015_SAMPLES=256 -DAHC015_CLASSIC=1 -DAHC015_MERGE=0 -DAHC015_TURN_SEED=1 -DAHC015_ENGINE_SEED=15015
71,0,merged_s448,448,0,1,817080,1.7628558870055713,0,7717625,328fef59e75190062d11df5b1bba7bb23b388abc2b5e8805a8a377ab515f910d,60f7c52e6ca066959eeed07bd595a2b2b6fd1a7c682c160c90c7027db01c98af,0c208fd418b0d2843cd234bf8400b822e00db93575bc0efc6d4bd5eb373a006a,8b79c5c30b5447a511bebeb2d55164bda8362887,g++ (Ubuntu 13.3.0-6ubuntu2~24.04.1) 13.3.0,-std=c++17 -O2 -DNDEBUG -Wall -Wextra -DAHC015_SAMPLES=448 -DAHC015_CLASSIC=0 -DAHC015_MERGE=1 -DAHC015_TURN_SEED=1 -DAHC015_ENGINE_SEED=15015
71,0,reference_s256,256,1,0,811887,1.187305491999723,0,5068800,328fef59e75190062d11df5b1bba7bb23b388abc2b5e8805a8a377ab515f910d,eeb0535d155615e7432da09fc176f0b135654b2c4920c3037c16b9835bff4625,516a2919ce569b7cabb96eab6df1617f0ed0b874fac7702566ca59432b522f42,8b79c5c30b5447a511bebeb2d55164bda8362887,g++ (Ubuntu 13.3.0-6ubuntu2~24.04.1) 13.3.0,-std=c++17 -O2 -DNDEBUG -Wall -Wextra -DAHC015_SAMPLES=256 -DAHC015_CLASSIC=1 -DAHC015_MERGE=0 -DAHC015_TURN_SEED=1 -DAHC015_ENGINE_SEED=15015
71,0,reference_s384,384,1,0,825159,1.816634138012887,0,7603200,328fef59e75190062d11df5b1bba7bb23b388abc2b5e8805a8a377ab515f910d,31a048e3075dd0379584520bb058aa059643a8c00acffd178069784cc2f63637,516a2919ce569b7cabb96eab6df1617f0ed0b874fac7702566ca59432b522f42,8b79c5c30b5447a511bebeb2d55164bda8362887,g++ (Ubuntu 13.3.0-6ubuntu2~24.04.1) 13.3.0,-std=c++17 -O2 -DNDEBUG -Wall -Wextra -DAHC015_SAMPLES=384 -DAHC015_CLASSIC=1 -DAHC015_MERGE=0 -DAHC015_TURN_SEED=1 -DAHC015_ENGINE_SEED=15015
72,0,reference_s256,256,1,0,809637,1.2112396209995495,0,5068800,f9b0878a38b566d004fc5b8b608038fd0242fbb885c4ed134af41cf4c1b81a88,93bb4f24c30494fa90fc0159de89b343738879db32acbac98513fd55801829e9,516a2919ce569b7cabb96eab6df1617f0ed0b874fac7702566ca59432b522f42,8b79c5c30b5447a511bebeb2d55164bda8362887,g++ (Ubuntu 13.3.0-6ubuntu2~24.04.1) 13.3.0,-std=c++17 -O2 -DNDEBUG -Wall -Wextra -DAHC015_SAMPLES=256 -DAHC015_CLASSIC=1 -DAHC015_MERGE=0 -DAHC015_TURN_SEED=1 -DAHC015_ENGINE_SEED=15015
72,0,reference_s384,384,1,0,727543,1.8627727989951381,0,7603200,f9b0878a38b566d004fc5b8b608038fd0242fbb885c4ed134af41cf4c1b81a88,43217c2163197c881cfb61877d1fa895627505e4eeaaeb23a0fa48de150f63fc,516a2919ce569b7cabb96eab6df1617f0ed0b874fac7702566ca59432b522f42,8b79c5c30b5447a511bebeb2d55164bda8362887,g++ (Ubuntu 13.3.0-6ubuntu2~24.04.1) 13.3.0,-std=c++17 -O2 -DNDEBUG -Wall -Wextra -DAHC015_SAMPLES=384 -DAHC015_CLASSIC=1 -DAHC015_MERGE=0 -DAHC015_TURN_SEED=1 -DAHC015_ENGINE_SEED=15015
72,0,merged_s448,448,0,1,740631,1.7823182360007195,0,7697247,f9b0878a38b566d004fc5b8b608038fd0242fbb885c4ed134af41cf4c1b81a88,ec50474b798b08199f7a205106cc5a09593e3a71a4dea53f2aaeb97cc33c608e,0c208fd418b0d2843cd234bf8400b822e00db93575bc0efc6d4bd5eb373a006a,8b79c5c30b5447a511bebeb2d55164bda8362887,g++ (Ubuntu 13.3.0-6ubuntu2~24.04.1) 13.3.0,-std=c++17 -O2 -DNDEBUG -Wall -Wextra -DAHC015_SAMPLES=448 -DAHC015_CLASSIC=0 -DAHC015_MERGE=1 -DAHC015_TURN_SEED=1 -DAHC015_ENGINE_SEED=15015
73,0,reference_s384,384,1,0,658034,1.8528935959911905,0,7603200,6459591243f8c2c29c01381ff0bd97c07945fadcab80e373917e0df3f459abfc,1249d354bdb069674dd41dc584a31130c64338c9b95964486943a9e7ad7dcdd0,516a2919ce569b7cabb96eab6df1617f0ed0b874fac7702566ca59432b522f42,8b79c5c30b5447a511bebeb2d55164bda8362887,g++ (Ubuntu 13.3.0-6ubuntu2~24.04.1) 13.3.0,-std=c++17 -O2 -DNDEBUG -Wall -Wextra -DAHC015_SAMPLES=384 -DAHC015_CLASSIC=1 -DAHC015_MERGE=0 -DAHC015_TURN_SEED=1 -DAHC015_ENGINE_SEED=15015
73,0,merged_s448,448,0,1,658034,1.8045958790025907,0,7846518,6459591243f8c2c29c01381ff0bd97c07945fadcab80e373917e0df3f459abfc,1249d354bdb069674dd41dc584a31130c64338c9b95964486943a9e7ad7dcdd0,0c208fd418b0d2843cd234bf8400b822e00db93575bc0efc6d4bd5eb373a006a,8b79c5c30b5447a511bebeb2d55164bda8362887,g++ (Ubuntu 13.3.0-6ubuntu2~24.04.1) 13.3.0,-std=c++17 -O2 -DNDEBUG -Wall -Wextra -DAHC015_SAMPLES=448 -DAHC015_CLASSIC=0 -DAHC015_MERGE=1 -DAHC015_TURN_SEED=1 -DAHC015_ENGINE_SEED=15015
73,0,reference_s256,256,1,0,809888,1.2109301649907138,0,5068800,6459591243f8c2c29c01381ff0bd97c07945fadcab80e373917e0df3f459abfc,7ab299826fbde9ada8ce74670211715a82ac634c266a68739aad2bfab7052eee,516a2919ce569b7cabb96eab6df1617f0ed0b874fac7702566ca59432b522f42,8b79c5c30b5447a511bebeb2d55164bda8362887,g++ (Ubuntu 13.3.0-6ubuntu2~24.04.1) 13.3.0,-std=c++17 -O2 -DNDEBUG -Wall -Wextra -DAHC015_SAMPLES=256 -DAHC015_CLASSIC=1 -DAHC015_MERGE=0 -DAHC015_TURN_SEED=1 -DAHC015_ENGINE_SEED=15015
74,0,merged_s448,448,0,1,790711,1.8156005649943836,0,7963264,db57d45a0f7a0d542f4cacf1628ab69b20d851298d8fc6a8396ef261b1af1ec2,12b49df2b57c90fd7d23fbab53c35482901cb06e78a1ce7082d93ef5f43b3aa1,0c208fd418b0d2843cd234bf8400b822e00db93575bc0efc6d4bd5eb373a006a,8b79c5c30b5447a511bebeb2d55164bda8362887,g++ (Ubuntu 13.3.0-6ubuntu2~24.04.1) 13.3.0,-std=c++17 -O2 -DNDEBUG -Wall -Wextra -DAHC015_SAMPLES=448 -DAHC015_CLASSIC=0 -DAHC015_MERGE=1 -DAHC015_TURN_SEED=1 -DAHC015_ENGINE_SEED=15015
74,0,reference_s256,256,1,0,863610,1.2401217560109217,0,5068800,db57d45a0f7a0d542f4cacf1628ab69b20d851298d8fc6a8396ef261b1af1ec2,be65046e4ad953fbd2475b426dd8bd1112de7ed7f1a5222a43a18f3d0c11334a,516a2919ce569b7cabb96eab6df1617f0ed0b874fac7702566ca59432b522f42,8b79c5c30b5447a511bebeb2d55164bda8362887,g++ (Ubuntu 13.3.0-6ubuntu2~24.04.1) 13.3.0,-std=c++17 -O2 -DNDEBUG -Wall -Wextra -DAHC015_SAMPLES=256 -DAHC015_CLASSIC=1 -DAHC015_MERGE=0 -DAHC015_TURN_SEED=1 -DAHC015_ENGINE_SEED=15015
74,0,reference_s384,384,1,0,863610,1.8302950600045733,0,7603200,db57d45a0f7a0d542f4cacf1628ab69b20d851298d8fc6a8396ef261b1af1ec2,40eefe6ed7d2b60487393474bca4ceb6796c0634fde89fabc41048741d5c878d,516a2919ce569b7cabb96eab6df1617f0ed0b874fac7702566ca59432b522f42,8b79c5c30b5447a511bebeb2d55164bda8362887,g++ (Ubuntu 13.3.0-6ubuntu2~24.04.1) 13.3.0,-std=c++17 -O2 -DNDEBUG -Wall -Wextra -DAHC015_SAMPLES=384 -DAHC015_CLASSIC=1 -DAHC015_MERGE=0 -DAHC015_TURN_SEED=1 -DAHC015_ENGINE_SEED=15015
75,0,reference_s256,256,1,0,773788,1.2442042690090602,0,5068800,74be8e1ef90cddf797bad01fc460d54c4be2102376a29848de3449de81e69836,c99c0202e7e9cddda7e1aeb3e22c41c11afc8988329b3c115989de138c3d2d89,516a2919ce569b7cabb96eab6df1617f0ed0b874fac7702566ca59432b522f42,8b79c5c30b5447a511bebeb2d55164bda8362887,g++ (Ubuntu 13.3.0-6ubuntu2~24.04.1) 13.3.0,-std=c++17 -O2 -DNDEBUG -Wall -Wextra -DAHC015_SAMPLES=256 -DAHC015_CLASSIC=1 -DAHC015_MERGE=0 -DAHC015_TURN_SEED=1 -DAHC015_ENGINE_SEED=15015
75,0,reference_s384,384,1,0,657092,1.866223272998468,0,7603200,74be8e1ef90cddf797bad01fc460d54c4be2102376a29848de3449de81e69836,db94664a7352e025bac7e9453f59ef6c601bd69856e87e3596e7eb960fc501f8,516a2919ce569b7cabb96eab6df1617f0ed0b874fac7702566ca59432b522f42,8b79c5c30b5447a511bebeb2d55164bda8362887,g++ (Ubuntu 13.3.0-6ubuntu2~24.04.1) 13.3.0,-std=c++17 -O2 -DNDEBUG -Wall -Wextra -DAHC015_SAMPLES=384 -DAHC015_CLASSIC=1 -DAHC015_MERGE=0 -DAHC015_TURN_SEED=1 -DAHC015_ENGINE_SEED=15015
75,0,merged_s448,448,0,1,778576,1.8364015580009436,0,7948427,74be8e1ef90cddf797bad01fc460d54c4be2102376a29848de3449de81e69836,227ad0e4a1a20361374a2b44c32e533a1ed8a769650c3f75032abb2e02488be5,0c208fd418b0d2843cd234bf8400b822e00db93575bc0efc6d4bd5eb373a006a,8b79c5c30b5447a511bebeb2d55164bda8362887,g++ (Ubuntu 13.3.0-6ubuntu2~24.04.1) 13.3.0,-std=c++17 -O2 -DNDEBUG -Wall -Wextra -DAHC015_SAMPLES=448 -DAHC015_CLASSIC=0 -DAHC015_MERGE=1 -DAHC015_TURN_SEED=1 -DAHC015_ENGINE_SEED=15015
76,0,reference_s384,384,1,0,798463,1.863919311988866,0,7603200,38fac226b27a13668b8254ed31c5961b615ec25f7f561e618f9831b603de51d0,89d0c39624c89e76f7ec2c2ead06cd88a07a39f250cb663090256c2e7cb12656,516a2919ce569b7cabb96eab6df1617f0ed0b874fac7702566ca59432b522f42,8b79c5c30b5447a511bebeb2d55164bda8362887,g++ (Ubuntu 13.3.0-6ubuntu2~24.04.1) 13.3.0,-std=c++17 -O2 -DNDEBUG -Wall -Wextra -DAHC015_SAMPLES=384 -DAHC015_CLASSIC=1 -DAHC015_MERGE=0 -DAHC015_TURN_SEED=1 -DAHC015_ENGINE_SEED=15015
76,0,merged_s448,448,0,1,794326,1.8675311090046307,0,8040425,38fac226b27a13668b8254ed31c5961b615ec25f7f561e618f9831b603de51d0,f7a355a4a2845ee6d4d0257d80b26cd86d4c1b9bab672eee1af403fef0472f5b,0c208fd418b0d2843cd234bf8400b822e00db93575bc0efc6d4bd5eb373a006a,8b79c5c30b5447a511bebeb2d55164bda8362887,g++ (Ubuntu 13.3.0-6ubuntu2~24.04.1) 13.3.0,-std=c++17 -O2 -DNDEBUG -Wall -Wextra -DAHC015_SAMPLES=448 -DAHC015_CLASSIC=0 -DAHC015_MERGE=1 -DAHC015_TURN_SEED=1 -DAHC015_ENGINE_SEED=15015
76,0,reference_s256,256,1,0,780733,1.2188642420078395,0,5068800,38fac226b27a13668b8254ed31c5961b615ec25f7f561e618f9831b603de51d0,1e744da7402a9870caaa6265bba020cf8df03d12d37422d0f5ab0690f1abb2e5,516a2919ce569b7cabb96eab6df1617f0ed0b874fac7702566ca59432b522f42,8b79c5c30b5447a511bebeb2d55164bda8362887,g++ (Ubuntu 13.3.0-6ubuntu2~24.04.1) 13.3.0,-std=c++17 -O2 -DNDEBUG -Wall -Wextra -DAHC015_SAMPLES=256 -DAHC015_CLASSIC=1 -DAHC015_MERGE=0 -DAHC015_TURN_SEED=1 -DAHC015_ENGINE_SEED=15015
77,0,merged_s448,448,0,1,871718,1.7871860890008975,0,7902717,690354facbcb05c296e514550d652ab29094fbe67789181cf6c71af55fdfbd0e,e727a9921d318cb8359041f99b4c2ca333c750a5376b59fd9c4d839dfb7426de,0c208fd418b0d2843cd234bf8400b822e00db93575bc0efc6d4bd5eb373a006a,8b79c5c30b5447a511bebeb2d55164bda8362887,g++ (Ubuntu 13.3.0-6ubuntu2~24.04.1) 13.3.0,-std=c++17 -O2 -DNDEBUG -Wall -Wextra -DAHC015_SAMPLES=448 -DAHC015_CLASSIC=0 -DAHC015_MERGE=1 -DAHC015_TURN_SEED=1 -DAHC015_ENGINE_SEED=15015
77,0,reference_s256,256,1,0,794749,1.2101203460042598,0,5068800,690354facbcb05c296e514550d652ab29094fbe67789181cf6c71af55fdfbd0e,6cbb7c0dcf4c8532b85c4f8f8d87f1ff1e7029e3ded39b33a36260fdfbbd1378,516a2919ce569b7cabb96eab6df1617f0ed0b874fac7702566ca59432b522f42,8b79c5c30b5447a511bebeb2d55164bda8362887,g++ (Ubuntu 13.3.0-6ubuntu2~24.04.1) 13.3.0,-std=c++17 -O2 -DNDEBUG -Wall -Wextra -DAHC015_SAMPLES=256 -DAHC015_CLASSIC=1 -DAHC015_MERGE=0 -DAHC015_TURN_SEED=1 -DAHC015_ENGINE_SEED=15015
77,0,reference_s384,384,1,0,873508,1.7963989230047446,0,7603200,690354facbcb05c296e514550d652ab29094fbe67789181cf6c71af55fdfbd0e,c91459054fe9c608e047d7aad2ba9c6f9da52e446b47734ed823b896b7163697,516a2919ce569b7cabb96eab6df1617f0ed0b874fac7702566ca59432b522f42,8b79c5c30b5447a511bebeb2d55164bda8362887,g++ (Ubuntu 13.3.0-6ubuntu2~24.04.1) 13.3.0,-std=c++17 -O2 -DNDEBUG -Wall -Wextra -DAHC015_SAMPLES=384 -DAHC015_CLASSIC=1 -DAHC015_MERGE=0 -DAHC015_TURN_SEED=1 -DAHC015_ENGINE_SEED=15015
78,0,reference_s256,256,1,0,793893,1.20956274800119,0,5068800,5b88ff33f266e949e706aa435cd588751e7e00e61d39625eccf530b8a634e3c7,124704ac4b5028a1d2430c7603c7f45dd5c9caa40c5eda584dad73546f69b3a3,516a2919ce569b7cabb96eab6df1617f0ed0b874fac7702566ca59432b522f42,8b79c5c30b5447a511bebeb2d55164bda8362887,g++ (Ubuntu 13.3.0-6ubuntu2~24.04.1) 13.3.0,-std=c++17 -O2 -DNDEBUG -Wall -Wextra -DAHC015_SAMPLES=256 -DAHC015_CLASSIC=1 -DAHC015_MERGE=0 -DAHC015_TURN_SEED=1 -DAHC015_ENGINE_SEED=15015
78,0,reference_s384,384,1,0,858485,1.861906692996854,0,7603200,5b88ff33f266e949e706aa435cd588751e7e00e61d39625eccf530b8a634e3c7,701023873f5942b33b2c1ca536755127d74826f426618ae2033389c7140e648d,516a2919ce569b7cabb96eab6df1617f0ed0b874fac7702566ca59432b522f42,8b79c5c30b5447a511bebeb2d55164bda8362887,g++ (Ubuntu 13.3.0-6ubuntu2~24.04.1) 13.3.0,-std=c++17 -O2 -DNDEBUG -Wall -Wextra -DAHC015_SAMPLES=384 -DAHC015_CLASSIC=1 -DAHC015_MERGE=0 -DAHC015_TURN_SEED=1 -DAHC015_ENGINE_SEED=15015
78,0,merged_s448,448,0,1,775690,1.8112718100019265,0,7942200,5b88ff33f266e949e706aa435cd588751e7e00e61d39625eccf530b8a634e3c7,9eb6e8c653a75a0884721976afa472cffb18c418f12a84e22876c4f6278891ce,0c208fd418b0d2843cd234bf8400b822e00db93575bc0efc6d4bd5eb373a006a,8b79c5c30b5447a511bebeb2d55164bda8362887,g++ (Ubuntu 13.3.0-6ubuntu2~24.04.1) 13.3.0,-std=c++17 -O2 -DNDEBUG -Wall -Wextra -DAHC015_SAMPLES=448 -DAHC015_CLASSIC=0 -DAHC015_MERGE=1 -DAHC015_TURN_SEED=1 -DAHC015_ENGINE_SEED=15015
79,0,reference_s384,384,1,0,831304,1.8352961970085744,0,7603200,e1c92eb784fc5f213ca45d8945b6a9f63c9ed647857ed18dc94ea8b72525006d,b595f514267c344565cf3aef8bf81446c6624cd67192b1e1cc096c7182fe7018,516a2919ce569b7cabb96eab6df1617f0ed0b874fac7702566ca59432b522f42,8b79c5c30b5447a511bebeb2d55164bda8362887,g++ (Ubuntu 13.3.0-6ubuntu2~24.04.1) 13.3.0,-std=c++17 -O2 -DNDEBUG -Wall -Wextra -DAHC015_SAMPLES=384 -DAHC015_CLASSIC=1 -DAHC015_MERGE=0 -DAHC015_TURN_SEED=1 -DAHC015_ENGINE_SEED=15015
79,0,merged_s448,448,0,1,883478,1.7597569979989203,0,7726845,e1c92eb784fc5f213ca45d8945b6a9f63c9ed647857ed18dc94ea8b72525006d,a2911c37119f6cbc4ada334b466a07622ff7b61e650206f2671c855269daf72a,0c208fd418b0d2843cd234bf8400b822e00db93575bc0efc6d4bd5eb373a006a,8b79c5c30b5447a511bebeb2d55164bda8362887,g++ (Ubuntu 13.3.0-6ubuntu2~24.04.1) 13.3.0,-std=c++17 -O2 -DNDEBUG -Wall -Wextra -DAHC015_SAMPLES=448 -DAHC015_CLASSIC=0 -DAHC015_MERGE=1 -DAHC015_TURN_SEED=1 -DAHC015_ENGINE_SEED=15015
79,0,reference_s256,256,1,0,782609,1.2220151600049576,0,5068800,e1c92eb784fc5f213ca45d8945b6a9f63c9ed647857ed18dc94ea8b72525006d,8b6a8de102d7d051574c1df440928e9a97fbea6343441e0f7579df85839f8dee,516a2919ce569b7cabb96eab6df1617f0ed0b874fac7702566ca59432b522f42,8b79c5c30b5447a511bebeb2d55164bda8362887,g++ (Ubuntu 13.3.0-6ubuntu2~24.04.1) 13.3.0,-std=c++17 -O2 -DNDEBUG -Wall -Wextra -DAHC015_SAMPLES=256 -DAHC015_CLASSIC=1 -DAHC015_MERGE=0 -DAHC015_TURN_SEED=1 -DAHC015_ENGINE_SEED=15015
80,0,merged_s448,448,0,1,851432,1.8639873939973768,0,7898568,47e8173e80c64017beccccc76e05c201b46ea4b540fa61e1f319e454bd51c379,f8206f3bf9be6e742710ff2f7040165363464a0ab4c35043366b46eb1ee9fafe,0c208fd418b0d2843cd234bf8400b822e00db93575bc0efc6d4bd5eb373a006a,8b79c5c30b5447a511bebeb2d55164bda8362887,g++ (Ubuntu 13.3.0-6ubuntu2~24.04.1) 13.3.0,-std=c++17 -O2 -DNDEBUG -Wall -Wextra -DAHC015_SAMPLES=448 -DAHC015_CLASSIC=0 -DAHC015_MERGE=1 -DAHC015_TURN_SEED=1 -DAHC015_ENGINE_SEED=15015
80,0,reference_s256,256,1,0,836516,1.2176802229951136,0,5068800,47e8173e80c64017beccccc76e05c201b46ea4b540fa61e1f319e454bd51c379,8d5b5b739fb9ea024f359f4b170af622f8df5e313972b7879068e94d033f5d8f,516a2919ce569b7cabb96eab6df1617f0ed0b874fac7702566ca59432b522f42,8b79c5c30b5447a511bebeb2d55164bda8362887,g++ (Ubuntu 13.3.0-6ubuntu2~24.04.1) 13.3.0,-std=c++17 -O2 -DNDEBUG -Wall -Wextra -DAHC015_SAMPLES=256 -DAHC015_CLASSIC=1 -DAHC015_MERGE=0 -DAHC015_TURN_SEED=1 -DAHC015_ENGINE_SEED=15015
80,0,reference_s384,384,1,0,775656,1.8558124260016484,0,7603200,47e8173e80c64017beccccc76e05c201b46ea4b540fa61e1f319e454bd51c379,05a3b7d3684a2778145c99f101e97ad553cfbeb0099e96b7a12f59d718162072,516a2919ce569b7cabb96eab6df1617f0ed0b874fac7702566ca59432b522f42,8b79c5c30b5447a511bebeb2d55164bda8362887,g++ (Ubuntu 13.3.0-6ubuntu2~24.04.1) 13.3.0,-std=c++17 -O2 -DNDEBUG -Wall -Wextra -DAHC015_SAMPLES=384 -DAHC015_CLASSIC=1 -DAHC015_MERGE=0 -DAHC015_TURN_SEED=1 -DAHC015_ENGINE_SEED=15015
81,0,reference_s256,256,1,0,765653,1.249504612002056,0,5068800,b83ca562feba436c2b69682bd00c196371ac7fa81a6eb737713f239e60a0906e,b2177e88152ebc26a3bc38b5f91d44caf5e19130af7983220a804a3748d29044,516a2919ce569b7cabb96eab6df1617f0ed0b874fac7702566ca59432b522f42,8b79c5c30b5447a511bebeb2d55164bda8362887,g++ (Ubuntu 13.3.0-6ubuntu2~24.04.1) 13.3.0,-std=c++17 -O2 -DNDEBUG -Wall -Wextra -DAHC015_SAMPLES=256 -DAHC015_CLASSIC=1 -DAHC015_MERGE=0 -DAHC015_TURN_SEED=1 -DAHC015_ENGINE_SEED=15015
81,0,reference_s384,384,1,0,610614,1.921961954998551,0,7603200,b83ca562feba436c2b69682bd00c196371ac7fa81a6eb737713f239e60a0906e,1b3e41a44a0c22da9badfe2c8437160cdd65380e05c61feba29cf36ec4217796,516a2919ce569b7cabb96eab6df1617f0ed0b874fac7702566ca59432b522f42,8b79c5c30b5447a511bebeb2d55164bda8362887,g++ (Ubuntu 13.3.0-6ubuntu2~24.04.1) 13.3.0,-std=c++17 -O2 -DNDEBUG -Wall -Wextra -DAHC015_SAMPLES=384 -DAHC015_CLASSIC=1 -DAHC015_MERGE=0 -DAHC015_TURN_SEED=1 -DAHC015_ENGINE_SEED=15015
81,0,merged_s448,448,0,1,727490,1.883468106010696,0,8024997,b83ca562feba436c2b69682bd00c196371ac7fa81a6eb737713f239e60a0906e,37a123d1d947dcb52384d705238388359096a02daaa72d87e30f8751c0794b2b,0c208fd418b0d2843cd234bf8400b822e00db93575bc0efc6d4bd5eb373a006a,8b79c5c30b5447a511bebeb2d55164bda8362887,g++ (Ubuntu 13.3.0-6ubuntu2~24.04.1) 13.3.0,-std=c++17 -O2 -DNDEBUG -Wall -Wextra -DAHC015_SAMPLES=448 -DAHC015_CLASSIC=0 -DAHC015_MERGE=1 -DAHC015_TURN_SEED=1 -DAHC015_ENGINE_SEED=15015
82,0,reference_s384,384,1,0,768696,1.8520395360101247,0,7603200,9f46a5b5f9786fd6e40842d36afb50612e90417770b58a534fc160288e2872de,60a903a23e3416e715bb966b89f146d9922b096cbb4f6b2306c667c0c662a8aa,516a2919ce569b7cabb96eab6df1617f0ed0b874fac7702566ca59432b522f42,8b79c5c30b5447a511bebeb2d55164bda8362887,g++ (Ubuntu 13.3.0-6ubuntu2~24.04.1) 13.3.0,-std=c++17 -O2 -DNDEBUG -Wall -Wextra -DAHC015_SAMPLES=384 -DAHC015_CLASSIC=1 -DAHC015_MERGE=0 -DAHC015_TURN_SEED=1 -DAHC015_ENGINE_SEED=15015
82,0,merged_s448,448,0,1,857971,1.8140310419985326,0,8008832,9f46a5b5f9786fd6e40842d36afb50612e90417770b58a534fc160288e2872de,5818581097649c232b4ae145bad0a71bca3eed76b9df67506a99ed76951cd6cc,0c208fd418b0d2843cd234bf8400b822e00db93575bc0efc6d4bd5eb373a006a,8b79c5c30b5447a511bebeb2d55164bda8362887,g++ (Ubuntu 13.3.0-6ubuntu2~24.04.1) 13.3.0,-std=c++17 -O2 -DNDEBUG -Wall -Wextra -DAHC015_SAMPLES=448 -DAHC015_CLASSIC=0 -DAHC015_MERGE=1 -DAHC015_TURN_SEED=1 -DAHC015_ENGINE_SEED=15015
82,0,reference_s256,256,1,0,834203,1.2078738269919995,0,5068800,9f46a5b5f9786fd6e40842d36afb50612e90417770b58a534fc160288e2872de,320fad312af534b39948ea7f0d772ddc1dac55bcd21fcf7640aa7dbf5f3bdef0,516a2919ce569b7cabb96eab6df1617f0ed0b874fac7702566ca59432b522f42,8b79c5c30b5447a511bebeb2d55164bda8362887,g++ (Ubuntu 13.3.0-6ubuntu2~24.04.1) 13.3.0,-std=c++17 -O2 -DNDEBUG -Wall -Wextra -DAHC015_SAMPLES=256 -DAHC015_CLASSIC=1 -DAHC015_MERGE=0 -DAHC015_TURN_SEED=1 -DAHC015_ENGINE_SEED=15015
83,0,merged_s448,448,0,1,796393,1.8754027770046378,0,7956154,5dae6367782026798bfaf541674599d0cf57e82b1216ee1c9f3624815f526afd,1a94f6e3362090536c8ae05c1f471df9fe16ffcfeb5cc021b1b73a05cca2e6cd,0c208fd418b0d2843cd234bf8400b822e00db93575bc0efc6d4bd5eb373a006a,8b79c5c30b5447a511bebeb2d55164bda8362887,g++ (Ubuntu 13.3.0-6ubuntu2~24.04.1) 13.3.0,-std=c++17 -O2 -DNDEBUG -Wall -Wextra -DAHC015_SAMPLES=448 -DAHC015_CLASSIC=0 -DAHC015_MERGE=1 -DAHC015_TURN_SEED=1 -DAHC015_ENGINE_SEED=15015
83,0,reference_s256,256,1,0,796975,1.2293860189965926,0,5068800,5dae6367782026798bfaf541674599d0cf57e82b1216ee1c9f3624815f526afd,1ef93f47ee30c853ce9a98af33870fec55eb141983c063f471c94ab902bb5413,516a2919ce569b7cabb96eab6df1617f0ed0b874fac7702566ca59432b522f42,8b79c5c30b5447a511bebeb2d55164bda8362887,g++ (Ubuntu 13.3.0-6ubuntu2~24.04.1) 13.3.0,-std=c++17 -O2 -DNDEBUG -Wall -Wextra -DAHC015_SAMPLES=256 -DAHC015_CLASSIC=1 -DAHC015_MERGE=0 -DAHC015_TURN_SEED=1 -DAHC015_ENGINE_SEED=15015
83,0,reference_s384,384,1,0,823735,1.9142791310005123,0,7603200,5dae6367782026798bfaf541674599d0cf57e82b1216ee1c9f3624815f526afd,2ae391ade9ab4b63ce5a9679f55e50b1316e11f06e380b61fdded1c5586bf17a,516a2919ce569b7cabb96eab6df1617f0ed0b874fac7702566ca59432b522f42,8b79c5c30b5447a511bebeb2d55164bda8362887,g++ (Ubuntu 13.3.0-6ubuntu2~24.04.1) 13.3.0,-std=c++17 -O2 -DNDEBUG -Wall -Wextra -DAHC015_SAMPLES=384 -DAHC015_CLASSIC=1 -DAHC015_MERGE=0 -DAHC015_TURN_SEED=1 -DAHC015_ENGINE_SEED=15015
84,0,reference_s256,256,1,0,800474,1.2366345429909416,0,5068800,6b8f59b15b73bc18be6852fed99996cda86d155b3705f8cd8461309ef059ee2c,f33228c6d913dc26d69630325bfe4510471026f69cf55570a12b333c4a440904,516a2919ce569b7cabb96eab6df1617f0ed0b874fac7702566ca59432b522f42,8b79c5c30b5447a511bebeb2d55164bda8362887,g++ (Ubuntu 13.3.0-6ubuntu2~24.04.1) 13.3.0,-std=c++17 -O2 -DNDEBUG -Wall -Wextra -DAHC015_SAMPLES=256 -DAHC015_CLASSIC=1 -DAHC015_MERGE=0 -DAHC015_TURN_SEED=1 -DAHC015_ENGINE_SEED=15015
84,0,reference_s384,384,1,0,866193,1.8485249809891684,0,7603200,6b8f59b15b73bc18be6852fed99996cda86d155b3705f8cd8461309ef059ee2c,721359d103c56563a9650a187d5143c7b40f294a961bf4baf7637cd1af615e02,516a2919ce569b7cabb96eab6df1617f0ed0b874fac7702566ca59432b522f42,8b79c5c30b5447a511bebeb2d55164bda8362887,g++ (Ubuntu 13.3.0-6ubuntu2~24.04.1) 13.3.0,-std=c++17 -O2 -DNDEBUG -Wall -Wextra -DAHC015_SAMPLES=384 -DAHC015_CLASSIC=1 -DAHC015_MERGE=0 -DAHC015_TURN_SEED=1 -DAHC015_ENGINE_SEED=15015
84,0,merged_s448,448,0,1,809947,1.8486302879900904,0,8056632,6b8f59b15b73bc18be6852fed99996cda86d155b3705f8cd8461309ef059ee2c,5987e4d613ce7be71cb6be4bb5ef460d76d6d047748a0a316094c7a8861c11bf,0c208fd418b0d2843cd234bf8400b822e00db93575bc0efc6d4bd5eb373a006a,8b79c5c30b5447a511bebeb2d55164bda8362887,g++ (Ubuntu 13.3.0-6ubuntu2~24.04.1) 13.3.0,-std=c++17 -O2 -DNDEBUG -Wall -Wextra -DAHC015_SAMPLES=448 -DAHC015_CLASSIC=0 -DAHC015_MERGE=1 -DAHC015_TURN_SEED=1 -DAHC015_ENGINE_SEED=15015
85,0,reference_s384,384,1,0,746851,1.910374358005356,0,7603200,b496c0f3d31f249c36b144e2b35c88875545a66e4e66a77f99c1d405e71b70c4,e9a1500f66dc6cf2f1633d618738ec24b1681e2af91c373c8ce381f77a7747df,516a2919ce569b7cabb96eab6df1617f0ed0b874fac7702566ca59432b522f42,8b79c5c30b5447a511bebeb2d55164bda8362887,g++ (Ubuntu 13.3.0-6ubuntu2~24.04.1) 13.3.0,-std=c++17 -O2 -DNDEBUG -Wall -Wextra -DAHC015_SAMPLES=384 -DAHC015_CLASSIC=1 -DAHC015_MERGE=0 -DAHC015_TURN_SEED=1 -DAHC015_ENGINE_SEED=15015
85,0,merged_s448,448,0,1,748050,1.9073780820035608,0,8006169,b496c0f3d31f249c36b144e2b35c88875545a66e4e66a77f99c1d405e71b70c4,66e777d320561e1212817eb57b94467e8caef7b39e4fc0d29ba3290157fcb7f7,0c208fd418b0d2843cd234bf8400b822e00db93575bc0efc6d4bd5eb373a006a,8b79c5c30b5447a511bebeb2d55164bda8362887,g++ (Ubuntu 13.3.0-6ubuntu2~24.04.1) 13.3.0,-std=c++17 -O2 -DNDEBUG -Wall -Wextra -DAHC015_SAMPLES=448 -DAHC015_CLASSIC=0 -DAHC015_MERGE=1 -DAHC015_TURN_SEED=1 -DAHC015_ENGINE_SEED=15015
85,0,reference_s256,256,1,0,713857,1.2663263889990048,0,5068800,b496c0f3d31f249c36b144e2b35c88875545a66e4e66a77f99c1d405e71b70c4,a4473d6b7b82c6323b9e33c8d06f9efb3f9ce88a0dc12e3d3d9bef78ad98f0de,516a2919ce569b7cabb96eab6df1617f0ed0b874fac7702566ca59432b522f42,8b79c5c30b5447a511bebeb2d55164bda8362887,g++ (Ubuntu 13.3.0-6ubuntu2~24.04.1) 13.3.0,-std=c++17 -O2 -DNDEBUG -Wall -Wextra -DAHC015_SAMPLES=256 -DAHC015_CLASSIC=1 -DAHC015_MERGE=0 -DAHC015_TURN_SEED=1 -DAHC015_ENGINE_SEED=15015
86,0,merged_s448,448,0,1,845146,1.828214408000349,0,7808753,1ecfa8ac1dc8fb907bed1f448fb26f378820c2aea810e12a0bdac6d0f51ff4b9,c48159e9bb690698ed1d59f4b982c616201f16879849ff376408c286d708115d,0c208fd418b0d2843cd234bf8400b822e00db93575bc0efc6d4bd5eb373a006a,8b79c5c30b5447a511bebeb2d55164bda8362887,g++ (Ubuntu 13.3.0-6ubuntu2~24.04.1) 13.3.0,-std=c++17 -O2 -DNDEBUG -Wall -Wextra -DAHC015_SAMPLES=448 -DAHC015_CLASSIC=0 -DAHC015_MERGE=1 -DAHC015_TURN_SEED=1 -DAHC015_ENGINE_SEED=15015
86,0,reference_s256,256,1,0,693865,1.2407049539906438,0,5068800,1ecfa8ac1dc8fb907bed1f448fb26f378820c2aea810e12a0bdac6d0f51ff4b9,0166693ed81b76fc0f8bb345bb06b776daf76eb01c99084adfb4e806ee675872,516a2919ce569b7cabb96eab6df1617f0ed0b874fac7702566ca59432b522f42,8b79c5c30b5447a511bebeb2d55164bda8362887,g++ (Ubuntu 13.3.0-6ubuntu2~24.04.1) 13.3.0,-std=c++17 -O2 -DNDEBUG -Wall -Wextra -DAHC015_SAMPLES=256 -DAHC015_CLASSIC=1 -DAHC015_MERGE=0 -DAHC015_TURN_SEED=1 -DAHC015_ENGINE_SEED=15015
86,0,reference_s384,384,1,0,773675,1.888056901996606,0,7603200,1ecfa8ac1dc8fb907bed1f448fb26f378820c2aea810e12a0bdac6d0f51ff4b9,52db329b87423c5e880cdc2f8af66f80f9f4f7a9d6848a588660dc45b056a44d,516a2919ce569b7cabb96eab6df1617f0ed0b874fac7702566ca59432b522f42,8b79c5c30b5447a511bebeb2d55164bda8362887,g++ (Ubuntu 13.3.0-6ubuntu2~24.04.1) 13.3.0,-std=c++17 -O2 -DNDEBUG -Wall -Wextra -DAHC015_SAMPLES=384 -DAHC015_CLASSIC=1 -DAHC015_MERGE=0 -DAHC015_TURN_SEED=1 -DAHC015_ENGINE_SEED=15015
87,0,reference_s256,256,1,0,642484,1.2206737950036768,0,5068800,a40ad32a8a8dff6c9c223a7198e59d723153f48065000c26ef010078c15d79d6,cc3edf3653d4233fdd3529b69ee23bf951490d02ae6831c91662c84511159ade,516a2919ce569b7cabb96eab6df1617f0ed0b874fac7702566ca59432b522f42,8b79c5c30b5447a511bebeb2d55164bda8362887,g++ (Ubuntu 13.3.0-6ubuntu2~24.04.1) 13.3.0,-std=c++17 -O2 -DNDEBUG -Wall -Wextra -DAHC015_SAMPLES=256 -DAHC015_CLASSIC=1 -DAHC015_MERGE=0 -DAHC015_TURN_SEED=1 -DAHC015_ENGINE_SEED=15015
87,0,reference_s384,384,1,0,785839,1.8914197519916343,0,7603200,a40ad32a8a8dff6c9c223a7198e59d723153f48065000c26ef010078c15d79d6,395d68044a161536c001fd6132197345897026875defb66dc6fec3bd03e93040,516a2919ce569b7cabb96eab6df1617f0ed0b874fac7702566ca59432b522f42,8b79c5c30b5447a511bebeb2d55164bda8362887,g++ (Ubuntu 13.3.0-6ubuntu2~24.04.1) 13.3.0,-std=c++17 -O2 -DNDEBUG -Wall -Wextra -DAHC015_SAMPLES=384 -DAHC015_CLASSIC=1 -DAHC015_MERGE=0 -DAHC015_TURN_SEED=1 -DAHC015_ENGINE_SEED=15015
87,0,merged_s448,448,0,1,720255,1.7829690420039697,0,7658192,a40ad32a8a8dff6c9c223a7198e59d723153f48065000c26ef010078c15d79d6,b9071d62ac3068a9769fd2e0af8987c68dd8ee4d288fba65fc64aeea46a90044,0c208fd418b0d2843cd234bf8400b822e00db93575bc0efc6d4bd5eb373a006a,8b79c5c30b5447a511bebeb2d55164bda8362887,g++ (Ubuntu 13.3.0-6ubuntu2~24.04.1) 13.3.0,-std=c++17 -O2 -DNDEBUG -Wall -Wextra -DAHC015_SAMPLES=448 -DAHC015_CLASSIC=0 -DAHC015_MERGE=1 -DAHC015_TURN_SEED=1 -DAHC015_ENGINE_SEED=15015
88,0,reference_s384,384,1,0,836281,1.834632281010272,0,7603200,992bc1d512e37a0c19d9d952bdef4b5e1cf2e4e9559211e32b6613a5684e95ed,a0ace64fc50e416594a054ed2dbad9cdcd64788b1d27ca76053500bdec42d385,516a2919ce569b7cabb96eab6df1617f0ed0b874fac7702566ca59432b522f42,8b79c5c30b5447a511bebeb2d55164bda8362887,g++ (Ubuntu 13.3.0-6ubuntu2~24.04.1) 13.3.0,-std=c++17 -O2 -DNDEBUG -Wall -Wextra -DAHC015_SAMPLES=384 -DAHC015_CLASSIC=1 -DAHC015_MERGE=0 -DAHC015_TURN_SEED=1 -DAHC015_ENGINE_SEED=15015
88,0,merged_s448,448,0,1,830006,1.8541746880073333,0,8036077,992bc1d512e37a0c19d9d952bdef4b5e1cf2e4e9559211e32b6613a5684e95ed,d6b32320e24bf2e66aef7a8a1e032c7b9df1b2f13c4e94876c61a135289abb06,0c208fd418b0d2843cd234bf8400b822e00db93575bc0efc6d4bd5eb373a006a,8b79c5c30b5447a511bebeb2d55164bda8362887,g++ (Ubuntu 13.3.0-6ubuntu2~24.04.1) 13.3.0,-std=c++17 -O2 -DNDEBUG -Wall -Wextra -DAHC015_SAMPLES=448 -DAHC015_CLASSIC=0 -DAHC015_MERGE=1 -DAHC015_TURN_SEED=1 -DAHC015_ENGINE_SEED=15015
88,0,reference_s256,256,1,0,867655,1.2069753280084115,0,5068800,992bc1d512e37a0c19d9d952bdef4b5e1cf2e4e9559211e32b6613a5684e95ed,8f18f7d287ea11e3f24a59668b48b1690836ba8c2ad0a262e31e11ab326e5c08,516a2919ce569b7cabb96eab6df1617f0ed0b874fac7702566ca59432b522f42,8b79c5c30b5447a511bebeb2d55164bda8362887,g++ (Ubuntu 13.3.0-6ubuntu2~24.04.1) 13.3.0,-std=c++17 -O2 -DNDEBUG -Wall -Wextra -DAHC015_SAMPLES=256 -DAHC015_CLASSIC=1 -DAHC015_MERGE=0 -DAHC015_TURN_SEED=1 -DAHC015_ENGINE_SEED=15015
89,0,merged_s448,448,0,1,750148,1.78531888499856,0,7777935,dd87b7d6d0e920f58e0460ddc9872ba6257755ffcdad6515d04edcd676554926,75a4b30b755f9c7e4171379fc7a144a117d2bae7806109e4a5e6f24f564b87f1,0c208fd418b0d2843cd234bf8400b822e00db93575bc0efc6d4bd5eb373a006a,8b79c5c30b5447a511bebeb2d55164bda8362887,g++ (Ubuntu 13.3.0-6ubuntu2~24.04.1) 13.3.0,-std=c++17 -O2 -DNDEBUG -Wall -Wextra -DAHC015_SAMPLES=448 -DAHC015_CLASSIC=0 -DAHC015_MERGE=1 -DAHC015_TURN_SEED=1 -DAHC015_ENGINE_SEED=15015
89,0,reference_s256,256,1,0,844654,1.2178854619996855,0,5068800,dd87b7d6d0e920f58e0460ddc9872ba6257755ffcdad6515d04edcd676554926,acb4aa44491a4a320eaf17355f8389d102dfe7fd5c1d852a337843f47d13a171,516a2919ce569b7cabb96eab6df1617f0ed0b874fac7702566ca59432b522f42,8b79c5c30b5447a511bebeb2d55164bda8362887,g++ (Ubuntu 13.3.0-6ubuntu2~24.04.1) 13.3.0,-std=c++17 -O2 -DNDEBUG -Wall -Wextra -DAHC015_SAMPLES=256 -DAHC015_CLASSIC=1 -DAHC015_MERGE=0 -DAHC015_TURN_SEED=1 -DAHC015_ENGINE_SEED=15015
89,0,reference_s384,384,1,0,765505,1.8595959700032836,0,7603200,dd87b7d6d0e920f58e0460ddc9872ba6257755ffcdad6515d04edcd676554926,230c56c8f8d74793dccd56d5137caaca16efbb7b5f3549f52f2d881b1feacfb4,516a2919ce569b7cabb96eab6df1617f0ed0b874fac7702566ca59432b522f42,8b79c5c30b5447a511bebeb2d55164bda8362887,g++ (Ubuntu 13.3.0-6ubuntu2~24.04.1) 13.3.0,-std=c++17 -O2 -DNDEBUG -Wall -Wextra -DAHC015_SAMPLES=384 -DAHC015_CLASSIC=1 -DAHC015_MERGE=0 -DAHC015_TURN_SEED=1 -DAHC015_ENGINE_SEED=15015
90,0,reference_s256,256,1,0,775995,1.2055934200034244,0,5068800,e9822075ba7d150d461189c5e6f8487e4bd828375db43d9b757b321d63a9fbe0,f068556b689420b0a2ee850a4c2be7509d318f89ac1c400324d7798ceda28762,516a2919ce569b7cabb96eab6df1617f0ed0b874fac7702566ca59432b522f42,8b79c5c30b5447a511bebeb2d55164bda8362887,g++ (Ubuntu 13.3.0-6ubuntu2~24.04.1) 13.3.0,-std=c++17 -O2 -DNDEBUG -Wall -Wextra -DAHC015_SAMPLES=256 -DAHC015_CLASSIC=1 -DAHC015_MERGE=0 -DAHC015_TURN_SEED=1 -DAHC015_ENGINE_SEED=15015
90,0,reference_s384,384,1,0,841949,1.8420702700095717,0,7603200,e9822075ba7d150d461189c5e6f8487e4bd828375db43d9b757b321d63a9fbe0,246eb509747daf827f794e2a707960875fc228dc873197cbd63e2b6d5c2f8219,516a2919ce569b7cabb96eab6df1617f0ed0b874fac7702566ca59432b522f42,8b79c5c30b5447a511bebeb2d55164bda8362887,g++ (Ubuntu 13.3.0-6ubuntu2~24.04.1) 13.3.0,-std=c++17 -O2 -DNDEBUG -Wall -Wextra -DAHC015_SAMPLES=384 -DAHC015_CLASSIC=1 -DAHC015_MERGE=0 -DAHC015_TURN_SEED=1 -DAHC015_ENGINE_SEED=15015
90,0,merged_s448,448,0,1,765894,1.8288079799967818,0,7861607,e9822075ba7d150d461189c5e6f8487e4bd828375db43d9b757b321d63a9fbe0,c2844b9141354a0b43d62063d0baa34b80054ac5cdf1484d09055a3f446a679a,0c208fd418b0d2843cd234bf8400b822e00db93575bc0efc6d4bd5eb373a006a,8b79c5c30b5447a511bebeb2d55164bda8362887,g++ (Ubuntu 13.3.0-6ubuntu2~24.04.1) 13.3.0,-std=c++17 -O2 -DNDEBUG -Wall -Wextra -DAHC015_SAMPLES=448 -DAHC015_CLASSIC=0 -DAHC015_MERGE=1 -DAHC015_TURN_SEED=1 -DAHC015_ENGINE_SEED=15015
91,0,reference_s384,384,1,0,855047,1.834520884003723,0,7603200,bfd80a6d4d3393ad642ab277f08e1c0b13b3e8c57c75683c5f3f42d9d0c16d2c,a70f96107995e4b53a14331f113dea0b580b8eb3a1c3056b64c46a852e68d0f3,516a2919ce569b7cabb96eab6df1617f0ed0b874fac7702566ca59432b522f42,8b79c5c30b5447a511bebeb2d55164bda8362887,g++ (Ubuntu 13.3.0-6ubuntu2~24.04.1) 13.3.0,-std=c++17 -O2 -DNDEBUG -Wall -Wextra -DAHC015_SAMPLES=384 -DAHC015_CLASSIC=1 -DAHC015_MERGE=0 -DAHC015_TURN_SEED=1 -DAHC015_ENGINE_SEED=15015
91,0,merged_s448,448,0,1,785798,1.8217771530034952,0,7952483,bfd80a6d4d3393ad642ab277f08e1c0b13b3e8c57c75683c5f3f42d9d0c16d2c,9610887018bc869d0270b313d0a0ffa1227e7a670955b625bf6cd2991b57b89c,0c208fd418b0d2843cd234bf8400b822e00db93575bc0efc6d4bd5eb373a006a,8b79c5c30b5447a511bebeb2d55164bda8362887,g++ (Ubuntu 13.3.0-6ubuntu2~24.04.1) 13.3.0,-std=c++17 -O2 -DNDEBUG -Wall -Wextra -DAHC015_SAMPLES=448 -DAHC015_CLASSIC=0 -DAHC015_MERGE=1 -DAHC015_TURN_SEED=1 -DAHC015_ENGINE_SEED=15015
91,0,reference_s256,256,1,0,756455,1.2128735709993634,0,5068800,bfd80a6d4d3393ad642ab277f08e1c0b13b3e8c57c75683c5f3f42d9d0c16d2c,f53e45de75aee845e84e0d1f60924e3927556dbe8a4ae4ac2b87defd0f1ee090,516a2919ce569b7cabb96eab6df1617f0ed0b874fac7702566ca59432b522f42,8b79c5c30b5447a511bebeb2d55164bda8362887,g++ (Ubuntu 13.3.0-6ubuntu2~24.04.1) 13.3.0,-std=c++17 -O2 -DNDEBUG -Wall -Wextra -DAHC015_SAMPLES=256 -DAHC015_CLASSIC=1 -DAHC015_MERGE=0 -DAHC015_TURN_SEED=1 -DAHC015_ENGINE_SEED=15015
92,0,merged_s448,448,0,1,891253,1.8187227669986896,0,7837605,27d0264b6be861f67240179d7ef1a5b029824088d8807d9330f68e0e83cd4ee6,caa62eb80cb8599b63debb7f50dac7e664f630793bdb4fe1a101155a4ca78e6d,0c208fd418b0d2843cd234bf8400b822e00db93575bc0efc6d4bd5eb373a006a,8b79c5c30b5447a511bebeb2d55164bda8362887,g++ (Ubuntu 13.3.0-6ubuntu2~24.04.1) 13.3.0,-std=c++17 -O2 -DNDEBUG -Wall -Wextra -DAHC015_SAMPLES=448 -DAHC015_CLASSIC=0 -DAHC015_MERGE=1 -DAHC015_TURN_SEED=1 -DAHC015_ENGINE_SEED=15015
92,0,reference_s256,256,1,0,773050,1.24318896800105,0,5068800,27d0264b6be861f67240179d7ef1a5b029824088d8807d9330f68e0e83cd4ee6,31b8727824d063562fd24bf401581a77c042c20ada150aca67b28590dd09461f,516a2919ce569b7cabb96eab6df1617f0ed0b874fac7702566ca59432b522f42,8b79c5c30b5447a511bebeb2d55164bda8362887,g++ (Ubuntu 13.3.0-6ubuntu2~24.04.1) 13.3.0,-std=c++17 -O2 -DNDEBUG -Wall -Wextra -DAHC015_SAMPLES=256 -DAHC015_CLASSIC=1 -DAHC015_MERGE=0 -DAHC015_TURN_SEED=1 -DAHC015_ENGINE_SEED=15015
92,0,reference_s384,384,1,0,762411,1.8901870510017034,0,7603200,27d0264b6be861f67240179d7ef1a5b029824088d8807d9330f68e0e83cd4ee6,cddbeb215f0180ab9e5650a0f356c1bc532e3dd1b1a13fdd2aa00572a303270f,516a2919ce569b7cabb96eab6df1617f0ed0b874fac7702566ca59432b522f42,8b79c5c30b5447a511bebeb2d55164bda8362887,g++ (Ubuntu 13.3.0-6ubuntu2~24.04.1) 13.3.0,-std=c++17 -O2 -DNDEBUG -Wall -Wextra -DAHC015_SAMPLES=384 -DAHC015_CLASSIC=1 -DAHC015_MERGE=0 -DAHC015_TURN_SEED=1 -DAHC015_ENGINE_SEED=15015
93,0,reference_s256,256,1,0,707088,1.220494678011164,0,5068800,8fe8c9f4aeb666fabac903386825a0483338333c7703117f7cacacd43b03ef7c,3e887b5319bc0460833b78c6cf86a4d903fb56a32f29024d4c20188d6b03d551,516a2919ce569b7cabb96eab6df1617f0ed0b874fac7702566ca59432b522f42,8b79c5c30b5447a511bebeb2d55164bda8362887,g++ (Ubuntu 13.3.0-6ubuntu2~24.04.1) 13.3.0,-std=c++17 -O2 -DNDEBUG -Wall -Wextra -DAHC015_SAMPLES=256 -DAHC015_CLASSIC=1 -DAHC015_MERGE=0 -DAHC015_TURN_SEED=1 -DAHC015_ENGINE_SEED=15015
93,0,reference_s384,384,1,0,847686,1.8809928369882982,0,7603200,8fe8c9f4aeb666fabac903386825a0483338333c7703117f7cacacd43b03ef7c,170a91e317e15657f042a5c4e14112568ddde8fc5a693e4202211712af5cb600,516a2919ce569b7cabb96eab6df1617f0ed0b874fac7702566ca59432b522f42,8b79c5c30b5447a511bebeb2d55164bda8362887,g++ (Ubuntu 13.3.0-6ubuntu2~24.04.1) 13.3.0,-std=c++17 -O2 -DNDEBUG -Wall -Wextra -DAHC015_SAMPLES=384 -DAHC015_CLASSIC=1 -DAHC015_MERGE=0 -DAHC015_TURN_SEED=1 -DAHC015_ENGINE_SEED=15015
93,0,merged_s448,448,0,1,718219,1.8188131549977697,0,7887180,8fe8c9f4aeb666fabac903386825a0483338333c7703117f7cacacd43b03ef7c,5732ce5f96d77d9aa9afc05460b6a3d9163f67a5f37fa4e4ac4605e7d9203417,0c208fd418b0d2843cd234bf8400b822e00db93575bc0efc6d4bd5eb373a006a,8b79c5c30b5447a511bebeb2d55164bda8362887,g++ (Ubuntu 13.3.0-6ubuntu2~24.04.1) 13.3.0,-std=c++17 -O2 -DNDEBUG -Wall -Wextra -DAHC015_SAMPLES=448 -DAHC015_CLASSIC=0 -DAHC015_MERGE=1 -DAHC015_TURN_SEED=1 -DAHC015_ENGINE_SEED=15015
94,0,reference_s384,384,1,0,849372,1.8275207100086845,0,7603200,d60688828b061cae44021f4f742ed31a11638e74873d4ca27a9f029ce972eeb8,aaa77ba93e4a2e45640640eb586fb53e0d577ff66288e1f41ee831574c53f07c,516a2919ce569b7cabb96eab6df1617f0ed0b874fac7702566ca59432b522f42,8b79c5c30b5447a511bebeb2d55164bda8362887,g++ (Ubuntu 13.3.0-6ubuntu2~24.04.1) 13.3.0,-std=c++17 -O2 -DNDEBUG -Wall -Wextra -DAHC015_SAMPLES=384 -DAHC015_CLASSIC=1 -DAHC015_MERGE=0 -DAHC015_TURN_SEED=1 -DAHC015_ENGINE_SEED=15015
94,0,merged_s448,448,0,1,851166,1.8453299810062163,0,8114386,d60688828b061cae44021f4f742ed31a11638e74873d4ca27a9f029ce972eeb8,fc6e18b77bc7dfb65c673cb4a466dbd372cd9a2674176a365bfda86e9c7a179c,0c208fd418b0d2843cd234bf8400b822e00db93575bc0efc6d4bd5eb373a006a,8b79c5c30b5447a511bebeb2d55164bda8362887,g++ (Ubuntu 13.3.0-6ubuntu2~24.04.1) 13.3.0,-std=c++17 -O2 -DNDEBUG -Wall -Wextra -DAHC015_SAMPLES=448 -DAHC015_CLASSIC=0 -DAHC015_MERGE=1 -DAHC015_TURN_SEED=1 -DAHC015_ENGINE_SEED=15015
94,0,reference_s256,256,1,0,812911,1.2354793300037272,0,5068800,d60688828b061cae44021f4f742ed31a11638e74873d4ca27a9f029ce972eeb8,4fe15224325df5ea3e7f92ae6f4ddc2f2defe5fbca7e3a39c08dbfdc2103e363,516a2919ce569b7cabb96eab6df1617f0ed0b874fac7702566ca59432b522f42,8b79c5c30b5447a511bebeb2d55164bda8362887,g++ (Ubuntu 13.3.0-6ubuntu2~24.04.1) 13.3.0,-std=c++17 -O2 -DNDEBUG -Wall -Wextra -DAHC015_SAMPLES=256 -DAHC015_CLASSIC=1 -DAHC015_MERGE=0 -DAHC015_TURN_SEED=1 -DAHC015_ENGINE_SEED=15015
95,0,merged_s448,448,0,1,725855,1.8863340959942434,0,8211792,4c4a112b231333069674fd13a9636d900481bb0817445337e766c88b85f38c32,d0954b8eb6b3358e070fead43e8e3f285c3888546dc5c8e9a4f1ddcf1db73c57,0c208fd418b0d2843cd234bf8400b822e00db93575bc0efc6d4bd5eb373a006a,8b79c5c30b5447a511bebeb2d55164bda8362887,g++ (Ubuntu 13.3.0-6ubuntu2~24.04.1) 13.3.0,-std=c++17 -O2 -DNDEBUG -Wall -Wextra -DAHC015_SAMPLES=448 -DAHC015_CLASSIC=0 -DAHC015_MERGE=1 -DAHC015_TURN_SEED=1 -DAHC015_ENGINE_SEED=15015
95,0,reference_s256,256,1,0,832633,1.2093393539980752,0,5068800,4c4a112b231333069674fd13a9636d900481bb0817445337e766c88b85f38c32,3b26ce1d5f2f0bdc67dfabd33bf8a56a0ea0d048c1979c17ff2940a37fafae2e,516a2919ce569b7cabb96eab6df1617f0ed0b874fac7702566ca59432b522f42,8b79c5c30b5447a511bebeb2d55164bda8362887,g++ (Ubuntu 13.3.0-6ubuntu2~24.04.1) 13.3.0,-std=c++17 -O2 -DNDEBUG -Wall -Wextra -DAHC015_SAMPLES=256 -DAHC015_CLASSIC=1 -DAHC015_MERGE=0 -DAHC015_TURN_SEED=1 -DAHC015_ENGINE_SEED=15015
95,0,reference_s384,384,1,0,841032,1.8497260709991679,0,7603200,4c4a112b231333069674fd13a9636d900481bb0817445337e766c88b85f38c32,da72d45985ba1067e5fe0e519840da65e680f33c87cc46e7e23c6bbdb80a4d39,516a2919ce569b7cabb96eab6df1617f0ed0b874fac7702566ca59432b522f42,8b79c5c30b5447a511bebeb2d55164bda8362887,g++ (Ubuntu 13.3.0-6ubuntu2~24.04.1) 13.3.0,-std=c++17 -O2 -DNDEBUG -Wall -Wextra -DAHC015_SAMPLES=384 -DAHC015_CLASSIC=1 -DAHC015_MERGE=0 -DAHC015_TURN_SEED=1 -DAHC015_ENGINE_SEED=15015
96,0,reference_s256,256,1,0,837522,1.2519141950033372,0,5068800,0982fdaf651de9b5a64341a90880de13e0a8adcf69bb19c9649d7c3efba31bd4,3e6f206e4847492e5606b0e861f6bb10fe697ddae87d4db1301da7a69dd80e45,516a2919ce569b7cabb96eab6df1617f0ed0b874fac7702566ca59432b522f42,8b79c5c30b5447a511bebeb2d55164bda8362887,g++ (Ubuntu 13.3.0-6ubuntu2~24.04.1) 13.3.0,-std=c++17 -O2 -DNDEBUG -Wall -Wextra -DAHC015_SAMPLES=256 -DAHC015_CLASSIC=1 -DAHC015_MERGE=0 -DAHC015_TURN_SEED=1 -DAHC015_ENGINE_SEED=15015
96,0,reference_s384,384,1,0,803039,1.893451283001923,0,7603200,0982fdaf651de9b5a64341a90880de13e0a8adcf69bb19c9649d7c3efba31bd4,42c5fda6ea8102b8e3d0680b0ea69f83e388ad627585bb42da79655d8af01418,516a2919ce569b7cabb96eab6df1617f0ed0b874fac7702566ca59432b522f42,8b79c5c30b5447a511bebeb2d55164bda8362887,g++ (Ubuntu 13.3.0-6ubuntu2~24.04.1) 13.3.0,-std=c++17 -O2 -DNDEBUG -Wall -Wextra -DAHC015_SAMPLES=384 -DAHC015_CLASSIC=1 -DAHC015_MERGE=0 -DAHC015_TURN_SEED=1 -DAHC015_ENGINE_SEED=15015
96,0,merged_s448,448,0,1,819988,1.9190073630015831,0,8039555,0982fdaf651de9b5a64341a90880de13e0a8adcf69bb19c9649d7c3efba31bd4,19567a66555fa3acad75b5f2638e3b7b807aafbd3b45c8c88dd89fc871ecf73f,0c208fd418b0d2843cd234bf8400b822e00db93575bc0efc6d4bd5eb373a006a,8b79c5c30b5447a511bebeb2d55164bda8362887,g++ (Ubuntu 13.3.0-6ubuntu2~24.04.1) 13.3.0,-std=c++17 -O2 -DNDEBUG -Wall -Wextra -DAHC015_SAMPLES=448 -DAHC015_CLASSIC=0 -DAHC015_MERGE=1 -DAHC015_TURN_SEED=1 -DAHC015_ENGINE_SEED=15015
97,0,reference_s384,384,1,0,886150,1.8514967750088545,0,7603200,db64442a2a15a7ea99bc0335f200dd4658e0e96bc5b0e9848f9c66878f4b11ed,726a6371135239a68b9855acb1a47cf9e4348789d495bcba9c3633b7d8b99bc3,516a2919ce569b7cabb96eab6df1617f0ed0b874fac7702566ca59432b522f42,8b79c5c30b5447a511bebeb2d55164bda8362887,g++ (Ubuntu 13.3.0-6ubuntu2~24.04.1) 13.3.0,-std=c++17 -O2 -DNDEBUG -Wall -Wextra -DAHC015_SAMPLES=384 -DAHC015_CLASSIC=1 -DAHC015_MERGE=0 -DAHC015_TURN_SEED=1 -DAHC015_ENGINE_SEED=15015
97,0,merged_s448,448,0,1,886150,1.8551403890014626,0,7933642,db64442a2a15a7ea99bc0335f200dd4658e0e96bc5b0e9848f9c66878f4b11ed,309606321853d0c0737e4ac0ceff907f6a8ad2fa301a2436da5b6c427f53d913,0c208fd418b0d2843cd234bf8400b822e00db93575bc0efc6d4bd5eb373a006a,8b79c5c30b5447a511bebeb2d55164bda8362887,g++ (Ubuntu 13.3.0-6ubuntu2~24.04.1) 13.3.0,-std=c++17 -O2 -DNDEBUG -Wall -Wextra -DAHC015_SAMPLES=448 -DAHC015_CLASSIC=0 -DAHC015_MERGE=1 -DAHC015_TURN_SEED=1 -DAHC015_ENGINE_SEED=15015
97,0,reference_s256,256,1,0,828638,1.2177156690013362,0,5068800,db64442a2a15a7ea99bc0335f200dd4658e0e96bc5b0e9848f9c66878f4b11ed,5c688d58a72909a13dabdf9588c87819da630610354c41ae8beead559072f4c1,516a2919ce569b7cabb96eab6df1617f0ed0b874fac7702566ca59432b522f42,8b79c5c30b5447a511bebeb2d55164bda8362887,g++ (Ubuntu 13.3.0-6ubuntu2~24.04.1) 13.3.0,-std=c++17 -O2 -DNDEBUG -Wall -Wextra -DAHC015_SAMPLES=256 -DAHC015_CLASSIC=1 -DAHC015_MERGE=0 -DAHC015_TURN_SEED=1 -DAHC015_ENGINE_SEED=15015
98,0,merged_s448,448,0,1,874787,1.8188927989976946,0,7691571,e0b1c9a84b4bf5081c05918be10800fc3323a430a2b871e873e51a3caedeea68,0455dd8a6e36ad3bd2b1dd0da4db4557b6036cca4c0296d4da8d2b6706929d48,0c208fd418b0d2843cd234bf8400b822e00db93575bc0efc6d4bd5eb373a006a,8b79c5c30b5447a511bebeb2d55164bda8362887,g++ (Ubuntu 13.3.0-6ubuntu2~24.04.1) 13.3.0,-std=c++17 -O2 -DNDEBUG -Wall -Wextra -DAHC015_SAMPLES=448 -DAHC015_CLASSIC=0 -DAHC015_MERGE=1 -DAHC015_TURN_SEED=1 -DAHC015_ENGINE_SEED=15015
98,0,reference_s256,256,1,0,791690,1.257216978003271,0,5068800,e0b1c9a84b4bf5081c05918be10800fc3323a430a2b871e873e51a3caedeea68,d2c69eaf939080f65a0ba85e50321a320c63055f1184ef049d9ec060705470c6,516a2919ce569b7cabb96eab6df1617f0ed0b874fac7702566ca59432b522f42,8b79c5c30b5447a511bebeb2d55164bda8362887,g++ (Ubuntu 13.3.0-6ubuntu2~24.04.1) 13.3.0,-std=c++17 -O2 -DNDEBUG -Wall -Wextra -DAHC015_SAMPLES=256 -DAHC015_CLASSIC=1 -DAHC015_MERGE=0 -DAHC015_TURN_SEED=1 -DAHC015_ENGINE_SEED=15015
98,0,reference_s384,384,1,0,807627,1.9284245789895067,0,7603200,e0b1c9a84b4bf5081c05918be10800fc3323a430a2b871e873e51a3caedeea68,4e2c04ca0524421cf6ab7e2d6d4e07018e8a70b844e22c70f304b4dcf1925d59,516a2919ce569b7cabb96eab6df1617f0ed0b874fac7702566ca59432b522f42,8b79c5c30b5447a511bebeb2d55164bda8362887,g++ (Ubuntu 13.3.0-6ubuntu2~24.04.1) 13.3.0,-std=c++17 -O2 -DNDEBUG -Wall -Wextra -DAHC015_SAMPLES=384 -DAHC015_CLASSIC=1 -DAHC015_MERGE=0 -DAHC015_TURN_SEED=1 -DAHC015_ENGINE_SEED=15015
99,0,reference_s256,256,1,0,779343,1.2196075699903304,0,5068800,3a46da844f4ef491f2d19d4b72c87336f37511d56c4e1612933b6a661980a7de,0ef10f35c5e9aa1d4c614774eab4a964497468ee9603e35edc433f559be0f1f1,516a2919ce569b7cabb96eab6df1617f0ed0b874fac7702566ca59432b522f42,8b79c5c30b5447a511bebeb2d55164bda8362887,g++ (Ubuntu 13.3.0-6ubuntu2~24.04.1) 13.3.0,-std=c++17 -O2 -DNDEBUG -Wall -Wextra -DAHC015_SAMPLES=256 -DAHC015_CLASSIC=1 -DAHC015_MERGE=0 -DAHC015_TURN_SEED=1 -DAHC015_ENGINE_SEED=15015
99,0,reference_s384,384,1,0,796948,1.9207451580005,0,7603200,3a46da844f4ef491f2d19d4b72c87336f37511d56c4e1612933b6a661980a7de,a16cbffaf92888065d2951ef5742636fa88cdde5201e0bbbdda5fbd7b2ff28e4,516a2919ce569b7cabb96eab6df1617f0ed0b874fac7702566ca59432b522f42,8b79c5c30b5447a511bebeb2d55164bda8362887,g++ (Ubuntu 13.3.0-6ubuntu2~24.04.1) 13.3.0,-std=c++17 -O2 -DNDEBUG -Wall -Wextra -DAHC015_SAMPLES=384 -DAHC015_CLASSIC=1 -DAHC015_MERGE=0 -DAHC015_TURN_SEED=1 -DAHC015_ENGINE_SEED=15015
99,0,merged_s448,448,0,1,753521,1.803006328002084,0,7893081,3a46da844f4ef491f2d19d4b72c87336f37511d56c4e1612933b6a661980a7de,08ed76ecd78374688438cf687f6172024b3b54f79df40976d300c67039d5abc0,0c208fd418b0d2843cd234bf8400b822e00db93575bc0efc6d4bd5eb373a006a,8b79c5c30b5447a511bebeb2d55164bda8362887,g++ (Ubuntu 13.3.0-6ubuntu2~24.04.1) 13.3.0,-std=c++17 -O2 -DNDEBUG -Wall -Wextra -DAHC015_SAMPLES=448 -DAHC015_CLASSIC=0 -DAHC015_MERGE=1 -DAHC015_TURN_SEED=1 -DAHC015_ENGINE_SEED=15015
