task,seed,version,score,seconds,input_sha256,output_sha256,source_sha256,reference_commit
061,0,reference,146718,0.329003,4d410ed31511634b34fae4d887c66f6f46c89e66cf2f606c5e7f2da6db146e82,c94887c4152747e15c4a408566a98c937b8d6798ddcd4843b52eb1b843249afb,8ec6266bd05aad7431090ce9fe3a8817850f09062da3facea1c27a04ae05d28d,48e905a1b61eb70051d9fb7af18d34e13390cb69
061,0,formatted,146718,0.334835,4d410ed31511634b34fae4d887c66f6f46c89e66cf2f606c5e7f2da6db146e82,c94887c4152747e15c4a408566a98c937b8d6798ddcd4843b52eb1b843249afb,d354037a25886960e15833eb74b531f2fd90f8289a9cf1b5a0aa4f0744a12454,48e905a1b61eb70051d9fb7af18d34e13390cb69
061,0,standalone,146718,0.339835,4d410ed31511634b34fae4d887c66f6f46c89e66cf2f606c5e7f2da6db146e82,c94887c4152747e15c4a408566a98c937b8d6798ddcd4843b52eb1b843249afb,e33b9f00674da2998a36504cb3d6b48f363c189f046a5a40a8f1741ac666eea4,48e905a1b61eb70051d9fb7af18d34e13390cb69
061,1,reference,152416,0.285059,08bde79323917123c267b57b93e6ca19dcb9ce40d58a771593a9e56e3b762cf0,d52b945f50a5eea1cdd20c36decd62c9149685087b436af88873b49773c9a94b,8ec6266bd05aad7431090ce9fe3a8817850f09062da3facea1c27a04ae05d28d,48e905a1b61eb70051d9fb7af18d34e13390cb69
061,1,formatted,152416,0.281439,08bde79323917123c267b57b93e6ca19dcb9ce40d58a771593a9e56e3b762cf0,d52b945f50a5eea1cdd20c36decd62c9149685087b436af88873b49773c9a94b,d354037a25886960e15833eb74b531f2fd90f8289a9cf1b5a0aa4f0744a12454,48e905a1b61eb70051d9fb7af18d34e13390cb69
061,1,standalone,152416,0.277481,08bde79323917123c267b57b93e6ca19dcb9ce40d58a771593a9e56e3b762cf0,d52b945f50a5eea1cdd20c36decd62c9149685087b436af88873b49773c9a94b,e33b9f00674da2998a36504cb3d6b48f363c189f046a5a40a8f1741ac666eea4,48e905a1b61eb70051d9fb7af18d34e13390cb69
061,2,reference,189320,0.350259,1603d4d02400b54f391d4f95960da7db5dff0d037a522c323829f1176cfe14e8,8d46f85ba8c73d7e837c7793a4dd643331fb13cc4ae3e64cad5e8fb4623ef9bb,8ec6266bd05aad7431090ce9fe3a8817850f09062da3facea1c27a04ae05d28d,48e905a1b61eb70051d9fb7af18d34e13390cb69
061,2,formatted,189320,0.338101,1603d4d02400b54f391d4f95960da7db5dff0d037a522c323829f1176cfe14e8,8d46f85ba8c73d7e837c7793a4dd643331fb13cc4ae3e64cad5e8fb4623ef9bb,d354037a25886960e15833eb74b531f2fd90f8289a9cf1b5a0aa4f0744a12454,48e905a1b61eb70051d9fb7af18d34e13390cb69
061,2,standalone,189320,0.346865,1603d4d02400b54f391d4f95960da7db5dff0d037a522c323829f1176cfe14e8,8d46f85ba8c73d7e837c7793a4dd643331fb13cc4ae3e64cad5e8fb4623ef9bb,e33b9f00674da2998a36504cb3d6b48f363c189f046a5a40a8f1741ac666eea4,48e905a1b61eb70051d9fb7af18d34e13390cb69
061,3,reference,62299,0.348982,1ce97b8f0bb2c10034832c3e92bfdc3b78f0de5a096a1aaf79d583f9f2958884,a36a69d89dca5a79ce0547d00bf805e75f0bb89e0e2b160bf694a45efa7d4323,8ec6266bd05aad7431090ce9fe3a8817850f09062da3facea1c27a04ae05d28d,48e905a1b61eb70051d9fb7af18d34e13390cb69
061,3,formatted,62299,0.371873,1ce97b8f0bb2c10034832c3e92bfdc3b78f0de5a096a1aaf79d583f9f2958884,a36a69d89dca5a79ce0547d00bf805e75f0bb89e0e2b160bf694a45efa7d4323,d354037a25886960e15833eb74b531f2fd90f8289a9cf1b5a0aa4f0744a12454,48e905a1b61eb70051d9fb7af18d34e13390cb69
061,3,standalone,62299,0.367927,1ce97b8f0bb2c10034832c3e92bfdc3b78f0de5a096a1aaf79d583f9f2958884,a36a69d89dca5a79ce0547d00bf805e75f0bb89e0e2b160bf694a45efa7d4323,e33b9f00674da2998a36504cb3d6b48f363c189f046a5a40a8f1741ac666eea4,48e905a1b61eb70051d9fb7af18d34e13390cb69
061,4,reference,130730,0.407910,3f3ebd02f1e780c567a63dd467da4d6187ede607153abf16e58a468553d4271f,7a5bffb52177c22c4aa911a2e96ae2c20cf95d19fd100c63fdb8fbb39c43a4f8,8ec6266bd05aad7431090ce9fe3a8817850f09062da3facea1c27a04ae05d28d,48e905a1b61eb70051d9fb7af18d34e13390cb69
061,4,formatted,130730,0.398044,3f3ebd02f1e780c567a63dd467da4d6187ede607153abf16e58a468553d4271f,7a5bffb52177c22c4aa911a2e96ae2c20cf95d19fd100c63fdb8fbb39c43a4f8,d354037a25886960e15833eb74b531f2fd90f8289a9cf1b5a0aa4f0744a12454,48e905a1b61eb70051d9fb7af18d34e13390cb69
061,4,standalone,130730,0.367031,3f3ebd02f1e780c567a63dd467da4d6187ede607153abf16e58a468553d4271f,7a5bffb52177c22c4aa911a2e96ae2c20cf95d19fd100c63fdb8fbb39c43a4f8,e33b9f00674da2998a36504cb3d6b48f363c189f046a5a40a8f1741ac666eea4,48e905a1b61eb70051d9fb7af18d34e13390cb69
061,5,reference,86624,0.390723,5a9238e30b2f62f28eb681292f5a20000a94f3afcd82160f57f48391113cc10a,cfa343c3a5defcd3f48581a75328d888124022a8da184832321847342d69d121,8ec6266bd05aad7431090ce9fe3a8817850f09062da3facea1c27a04ae05d28d,48e905a1b61eb70051d9fb7af18d34e13390cb69
061,5,formatted,86624,0.397640,5a9238e30b2f62f28eb681292f5a20000a94f3afcd82160f57f48391113cc10a,cfa343c3a5defcd3f48581a75328d888124022a8da184832321847342d69d121,d354037a25886960e15833eb74b531f2fd90f8289a9cf1b5a0aa4f0744a12454,48e905a1b61eb70051d9fb7af18d34e13390cb69
061,5,standalone,86624,0.411681,5a9238e30b2f62f28eb681292f5a20000a94f3afcd82160f57f48391113cc10a,cfa343c3a5defcd3f48581a75328d888124022a8da184832321847342d69d121,e33b9f00674da2998a36504cb3d6b48f363c189f046a5a40a8f1741ac666eea4,48e905a1b61eb70051d9fb7af18d34e13390cb69
061,6,reference,142017,0.191657,58b088eba8b0cc35faede92f93b25ac60e9c090138680f5f2e87674a151f0913,64dba9c75892b8ce277fda560780f8e8bfbd075a39c7d2ffe689acbddcd9fdc8,8ec6266bd05aad7431090ce9fe3a8817850f09062da3facea1c27a04ae05d28d,48e905a1b61eb70051d9fb7af18d34e13390cb69
061,6,formatted,142017,0.214075,58b088eba8b0cc35faede92f93b25ac60e9c090138680f5f2e87674a151f0913,64dba9c75892b8ce277fda560780f8e8bfbd075a39c7d2ffe689acbddcd9fdc8,d354037a25886960e15833eb74b531f2fd90f8289a9cf1b5a0aa4f0744a12454,48e905a1b61eb70051d9fb7af18d34e13390cb69
061,6,standalone,142017,0.194182,58b088eba8b0cc35faede92f93b25ac60e9c090138680f5f2e87674a151f0913,64dba9c75892b8ce277fda560780f8e8bfbd075a39c7d2ffe689acbddcd9fdc8,e33b9f00674da2998a36504cb3d6b48f363c189f046a5a40a8f1741ac666eea4,48e905a1b61eb70051d9fb7af18d34e13390cb69
061,7,reference,185962,0.249154,41eb81f3aead1dd9369ff021e17eaab0d632552786e12c9788923cc1a1d5494d,0df4261e5405a5adfb00ac5ee2130c23586a9f21763b7de3df59b9c1b03d033c,8ec6266bd05aad7431090ce9fe3a8817850f09062da3facea1c27a04ae05d28d,48e905a1b61eb70051d9fb7af18d34e13390cb69
061,7,formatted,185962,0.247349,41eb81f3aead1dd9369ff021e17eaab0d632552786e12c9788923cc1a1d5494d,0df4261e5405a5adfb00ac5ee2130c23586a9f21763b7de3df59b9c1b03d033c,d354037a25886960e15833eb74b531f2fd90f8289a9cf1b5a0aa4f0744a12454,48e905a1b61eb70051d9fb7af18d34e13390cb69
061,7,standalone,185962,0.256965,41eb81f3aead1dd9369ff021e17eaab0d632552786e12c9788923cc1a1d5494d,0df4261e5405a5adfb00ac5ee2130c23586a9f21763b7de3df59b9c1b03d033c,e33b9f00674da2998a36504cb3d6b48f363c189f046a5a40a8f1741ac666eea4,48e905a1b61eb70051d9fb7af18d34e13390cb69
061,8,reference,219001,0.302399,35687098e8f71b97480e2c6202790984eb1eacbe51a38ac99a80353b408f404f,16f288c1056830845468a378577e70333efe8f30f7df2cb17179a36c448b7baa,8ec6266bd05aad7431090ce9fe3a8817850f09062da3facea1c27a04ae05d28d,48e905a1b61eb70051d9fb7af18d34e13390cb69
061,8,formatted,219001,0.297805,35687098e8f71b97480e2c6202790984eb1eacbe51a38ac99a80353b408f404f,16f288c1056830845468a378577e70333efe8f30f7df2cb17179a36c448b7baa,d354037a25886960e15833eb74b531f2fd90f8289a9cf1b5a0aa4f0744a12454,48e905a1b61eb70051d9fb7af18d34e13390cb69
061,8,standalone,219001,0.281048,35687098e8f71b97480e2c6202790984eb1eacbe51a38ac99a80353b408f404f,16f288c1056830845468a378577e70333efe8f30f7df2cb17179a36c448b7baa,e33b9f00674da2998a36504cb3d6b48f363c189f046a5a40a8f1741ac666eea4,48e905a1b61eb70051d9fb7af18d34e13390cb69
061,9,reference,276618,0.303714,4160b85b3935bc23d23837fd60e53850a09b79ad875d3ca1944e359b4c685420,42f72deba64f6f345081749ce849f86e43166e74843c773161de91f5849cd35c,8ec6266bd05aad7431090ce9fe3a8817850f09062da3facea1c27a04ae05d28d,48e905a1b61eb70051d9fb7af18d34e13390cb69
061,9,formatted,276618,0.277147,4160b85b3935bc23d23837fd60e53850a09b79ad875d3ca1944e359b4c685420,42f72deba64f6f345081749ce849f86e43166e74843c773161de91f5849cd35c,d354037a25886960e15833eb74b531f2fd90f8289a9cf1b5a0aa4f0744a12454,48e905a1b61eb70051d9fb7af18d34e13390cb69
061,9,standalone,276618,0.296564,4160b85b3935bc23d23837fd60e53850a09b79ad875d3ca1944e359b4c685420,42f72deba64f6f345081749ce849f86e43166e74843c773161de91f5849cd35c,e33b9f00674da2998a36504cb3d6b48f363c189f046a5a40a8f1741ac666eea4,48e905a1b61eb70051d9fb7af18d34e13390cb69
061,10,reference,448030,0.175237,f8a085286d28f0f84f27a9c26630237c15eb0a33e2892e37467998769846bc1e,374dc8d872b1977d1b653e91666754b7af58e48fcef73a9920e8cd3b248b7bbd,8ec6266bd05aad7431090ce9fe3a8817850f09062da3facea1c27a04ae05d28d,48e905a1b61eb70051d9fb7af18d34e13390cb69
061,10,formatted,448030,0.167285,f8a085286d28f0f84f27a9c26630237c15eb0a33e2892e37467998769846bc1e,374dc8d872b1977d1b653e91666754b7af58e48fcef73a9920e8cd3b248b7bbd,d354037a25886960e15833eb74b531f2fd90f8289a9cf1b5a0aa4f0744a12454,48e905a1b61eb70051d9fb7af18d34e13390cb69
061,10,standalone,448030,0.206948,f8a085286d28f0f84f27a9c26630237c15eb0a33e2892e37467998769846bc1e,374dc8d872b1977d1b653e91666754b7af58e48fcef73a9920e8cd3b248b7bbd,e33b9f00674da2998a36504cb3d6b48f363c189f046a5a40a8f1741ac666eea4,48e905a1b61eb70051d9fb7af18d34e13390cb69
061,11,reference,141773,0.238249,a83ee10ca205adf6d494e694344a54d047b2981d529edaa4968cbe02d58a91f8,ee45929c70782125ce4cb0f38ed2b5b071bc0f007ca947aa35b0d9e39c276c92,8ec6266bd05aad7431090ce9fe3a8817850f09062da3facea1c27a04ae05d28d,48e905a1b61eb70051d9fb7af18d34e13390cb69
061,11,formatted,141773,0.239988,a83ee10ca205adf6d494e694344a54d047b2981d529edaa4968cbe02d58a91f8,ee45929c70782125ce4cb0f38ed2b5b071bc0f007ca947aa35b0d9e39c276c92,d354037a25886960e15833eb74b531f2fd90f8289a9cf1b5a0aa4f0744a12454,48e905a1b61eb70051d9fb7af18d34e13390cb69
061,11,standalone,141773,0.244563,a83ee10ca205adf6d494e694344a54d047b2981d529edaa4968cbe02d58a91f8,ee45929c70782125ce4cb0f38ed2b5b071bc0f007ca947aa35b0d9e39c276c92,e33b9f00674da2998a36504cb3d6b48f363c189f046a5a40a8f1741ac666eea4,48e905a1b61eb70051d9fb7af18d34e13390cb69
061,12,reference,123940,0.277167,7bc3f39a546d98a747b368091c56908999fded03208ae2cef0a50b05848f241d,2dc6f4a067bdd5b5e9dd0d93275872bcb05af4b6db160b218b6613b679d15bdb,8ec6266bd05aad7431090ce9fe3a8817850f09062da3facea1c27a04ae05d28d,48e905a1b61eb70051d9fb7af18d34e13390cb69
061,12,formatted,123940,0.267634,7bc3f39a546d98a747b368091c56908999fded03208ae2cef0a50b05848f241d,2dc6f4a067bdd5b5e9dd0d93275872bcb05af4b6db160b218b6613b679d15bdb,d354037a25886960e15833eb74b531f2fd90f8289a9cf1b5a0aa4f0744a12454,48e905a1b61eb70051d9fb7af18d34e13390cb69
061,12,standalone,123940,0.266643,7bc3f39a546d98a747b368091c56908999fded03208ae2cef0a50b05848f241d,2dc6f4a067bdd5b5e9dd0d93275872bcb05af4b6db160b218b6613b679d15bdb,e33b9f00674da2998a36504cb3d6b48f363c189f046a5a40a8f1741ac666eea4,48e905a1b61eb70051d9fb7af18d34e13390cb69
061,13,reference,135861,0.323375,cd05aec100bccfb699c98b5efb1df5020fa83043966d4fdb04370b7c466b934c,bec82a0a58332da86a853c18b4fe93e23632ba24c8a82278a263e0091f829029,8ec6266bd05aad7431090ce9fe3a8817850f09062da3facea1c27a04ae05d28d,48e905a1b61eb70051d9fb7af18d34e13390cb69
061,13,formatted,135861,0.326278,cd05aec100bccfb699c98b5efb1df5020fa83043966d4fdb04370b7c466b934c,bec82a0a58332da86a853c18b4fe93e23632ba24c8a82278a263e0091f829029,d354037a25886960e15833eb74b531f2fd90f8289a9cf1b5a0aa4f0744a12454,48e905a1b61eb70051d9fb7af18d34e13390cb69
061,13,standalone,135861,0.334738,cd05aec100bccfb699c98b5efb1df5020fa83043966d4fdb04370b7c466b934c,bec82a0a58332da86a853c18b4fe93e23632ba24c8a82278a263e0091f829029,e33b9f00674da2998a36504cb3d6b48f363c189f046a5a40a8f1741ac666eea4,48e905a1b61eb70051d9fb7af18d34e13390cb69
061,14,reference,135748,0.457498,720689bbad70dff65235c50c0556a0ec405e9b902e85b29eb689c9975b1e109e,40fb2b84dde6b26e6b0373225e377bfbb3336fa8b1f58317330112010bbc7d7b,8ec6266bd05aad7431090ce9fe3a8817850f09062da3facea1c27a04ae05d28d,48e905a1b61eb70051d9fb7af18d34e13390cb69
061,14,formatted,135748,0.499695,720689bbad70dff65235c50c0556a0ec405e9b902e85b29eb689c9975b1e109e,40fb2b84dde6b26e6b0373225e377bfbb3336fa8b1f58317330112010bbc7d7b,d354037a25886960e15833eb74b531f2fd90f8289a9cf1b5a0aa4f0744a12454,48e905a1b61eb70051d9fb7af18d34e13390cb69
061,14,standalone,135748,0.488515,720689bbad70dff65235c50c0556a0ec405e9b902e85b29eb689c9975b1e109e,40fb2b84dde6b26e6b0373225e377bfbb3336fa8b1f58317330112010bbc7d7b,e33b9f00674da2998a36504cb3d6b48f363c189f046a5a40a8f1741ac666eea4,48e905a1b61eb70051d9fb7af18d34e13390cb69
061,15,reference,175745,0.454635,8a8511d338a230ddbd4fbd953b88f5b7e4aefba8ad39fefcfaa1c9c40f846f0f,ced181d70516954f9d7e830d74b53cd851b9f0d02b8233160fac27f53c7db896,8ec6266bd05aad7431090ce9fe3a8817850f09062da3facea1c27a04ae05d28d,48e905a1b61eb70051d9fb7af18d34e13390cb69
061,15,formatted,175745,0.445893,8a8511d338a230ddbd4fbd953b88f5b7e4aefba8ad39fefcfaa1c9c40f846f0f,ced181d70516954f9d7e830d74b53cd851b9f0d02b8233160fac27f53c7db896,d354037a25886960e15833eb74b531f2fd90f8289a9cf1b5a0aa4f0744a12454,48e905a1b61eb70051d9fb7af18d34e13390cb69
061,15,standalone,175745,0.422008,8a8511d338a230ddbd4fbd953b88f5b7e4aefba8ad39fefcfaa1c9c40f846f0f,ced181d70516954f9d7e830d74b53cd851b9f0d02b8233160fac27f53c7db896,e33b9f00674da2998a36504cb3d6b48f363c189f046a5a40a8f1741ac666eea4,48e905a1b61eb70051d9fb7af18d34e13390cb69
061,16,reference,113495,0.386904,eb81aa75c9e180a80d1e08b101139a6387e33c7021d33a769a2e07d668cb1708,0db770bfa655136773ccc2510d0277041fb1f12d109f327bbc97ea660072af60,8ec6266bd05aad7431090ce9fe3a8817850f09062da3facea1c27a04ae05d28d,48e905a1b61eb70051d9fb7af18d34e13390cb69
061,16,formatted,113495,0.407782,eb81aa75c9e180a80d1e08b101139a6387e33c7021d33a769a2e07d668cb1708,0db770bfa655136773ccc2510d0277041fb1f12d109f327bbc97ea660072af60,d354037a25886960e15833eb74b531f2fd90f8289a9cf1b5a0aa4f0744a12454,48e905a1b61eb70051d9fb7af18d34e13390cb69
061,16,standalone,113495,0.412857,eb81aa75c9e180a80d1e08b101139a6387e33c7021d33a769a2e07d668cb1708,0db770bfa655136773ccc2510d0277041fb1f12d109f327bbc97ea660072af60,e33b9f00674da2998a36504cb3d6b48f363c189f046a5a40a8f1741ac666eea4,48e905a1b61eb70051d9fb7af18d34e13390cb69
061,17,reference,182731,0.363934,84512bfc3e9b4f4c6b4af364c425aa89459b09c5eb3f1ccc9a67f2837df86001,d1c8bc7d25fa338c16143e34643916fd5ce28188184c5e39e564e068f31fa2f3,8ec6266bd05aad7431090ce9fe3a8817850f09062da3facea1c27a04ae05d28d,48e905a1b61eb70051d9fb7af18d34e13390cb69
061,17,formatted,182731,0.362478,84512bfc3e9b4f4c6b4af364c425aa89459b09c5eb3f1ccc9a67f2837df86001,d1c8bc7d25fa338c16143e34643916fd5ce28188184c5e39e564e068f31fa2f3,d354037a25886960e15833eb74b531f2fd90f8289a9cf1b5a0aa4f0744a12454,48e905a1b61eb70051d9fb7af18d34e13390cb69
061,17,standalone,182731,0.353067,84512bfc3e9b4f4c6b4af364c425aa89459b09c5eb3f1ccc9a67f2837df86001,d1c8bc7d25fa338c16143e34643916fd5ce28188184c5e39e564e068f31fa2f3,e33b9f00674da2998a36504cb3d6b48f363c189f046a5a40a8f1741ac666eea4,48e905a1b61eb70051d9fb7af18d34e13390cb69
061,18,reference,131942,0.215315,2c563ba55565fd0a4bbebec7ee50bb611ecb66dd66578415b58361e972e44d96,f7448440e58474c87eed51da235d0832fe78e2be9f46d783683cb94ff40ad409,8ec6266bd05aad7431090ce9fe3a8817850f09062da3facea1c27a04ae05d28d,48e905a1b61eb70051d9fb7af18d34e13390cb69
061,18,formatted,131942,0.219247,2c563ba55565fd0a4bbebec7ee50bb611ecb66dd66578415b58361e972e44d96,f7448440e58474c87eed51da235d0832fe78e2be9f46d783683cb94ff40ad409,d354037a25886960e15833eb74b531f2fd90f8289a9cf1b5a0aa4f0744a12454,48e905a1b61eb70051d9fb7af18d34e13390cb69
061,18,standalone,131942,0.183642,2c563ba55565fd0a4bbebec7ee50bb611ecb66dd66578415b58361e972e44d96,f7448440e58474c87eed51da235d0832fe78e2be9f46d783683cb94ff40ad409,e33b9f00674da2998a36504cb3d6b48f363c189f046a5a40a8f1741ac666eea4,48e905a1b61eb70051d9fb7af18d34e13390cb69
061,19,reference,111790,0.563229,d27c7a96ffc78589433d4729e2d64414f1990c102ff0d0ade12d45022ac95de4,875d470da6f8d487b08f1a5ac7322810912b2ea08adb9e13575dd5acbffb2b91,8ec6266bd05aad7431090ce9fe3a8817850f09062da3facea1c27a04ae05d28d,48e905a1b61eb70051d9fb7af18d34e13390cb69
061,19,formatted,111790,0.579509,d27c7a96ffc78589433d4729e2d64414f1990c102ff0d0ade12d45022ac95de4,875d470da6f8d487b08f1a5ac7322810912b2ea08adb9e13575dd5acbffb2b91,d354037a25886960e15833eb74b531f2fd90f8289a9cf1b5a0aa4f0744a12454,48e905a1b61eb70051d9fb7af18d34e13390cb69
061,19,standalone,111790,0.578756,d27c7a96ffc78589433d4729e2d64414f1990c102ff0d0ade12d45022ac95de4,875d470da6f8d487b08f1a5ac7322810912b2ea08adb9e13575dd5acbffb2b91,e33b9f00674da2998a36504cb3d6b48f363c189f046a5a40a8f1741ac666eea4,48e905a1b61eb70051d9fb7af18d34e13390cb69
061,20,reference,304083,0.141793,5aa04ac538511d43aefe3df1f3ab3b795f27c706e7959168f75111eacd9d4e1b,320bdbae5e78f609d2fe02c1d8279ac93581e8033d213d36d44dbae840bcb8b2,8ec6266bd05aad7431090ce9fe3a8817850f09062da3facea1c27a04ae05d28d,48e905a1b61eb70051d9fb7af18d34e13390cb69
061,20,formatted,304083,0.139245,5aa04ac538511d43aefe3df1f3ab3b795f27c706e7959168f75111eacd9d4e1b,320bdbae5e78f609d2fe02c1d8279ac93581e8033d213d36d44dbae840bcb8b2,d354037a25886960e15833eb74b531f2fd90f8289a9cf1b5a0aa4f0744a12454,48e905a1b61eb70051d9fb7af18d34e13390cb69
061,20,standalone,304083,0.135289,5aa04ac538511d43aefe3df1f3ab3b795f27c706e7959168f75111eacd9d4e1b,320bdbae5e78f609d2fe02c1d8279ac93581e8033d213d36d44dbae840bcb8b2,e33b9f00674da2998a36504cb3d6b48f363c189f046a5a40a8f1741ac666eea4,48e905a1b61eb70051d9fb7af18d34e13390cb69
061,21,reference,116494,0.306983,f14c6b0c5fff58cd8dc297c8d3456a9da84e52e93e2e4a2fe8945f9d091b69eb,eba796fb75fd1d784ac4c76976f01bb5556f620a64cf4448f4bf0c8258b4f6a0,8ec6266bd05aad7431090ce9fe3a8817850f09062da3facea1c27a04ae05d28d,48e905a1b61eb70051d9fb7af18d34e13390cb69
061,21,formatted,116494,0.301883,f14c6b0c5fff58cd8dc297c8d3456a9da84e52e93e2e4a2fe8945f9d091b69eb,eba796fb75fd1d784ac4c76976f01bb5556f620a64cf4448f4bf0c8258b4f6a0,d354037a25886960e15833eb74b531f2fd90f8289a9cf1b5a0aa4f0744a12454,48e905a1b61eb70051d9fb7af18d34e13390cb69
061,21,standalone,116494,0.322554,f14c6b0c5fff58cd8dc297c8d3456a9da84e52e93e2e4a2fe8945f9d091b69eb,eba796fb75fd1d784ac4c76976f01bb5556f620a64cf4448f4bf0c8258b4f6a0,e33b9f00674da2998a36504cb3d6b48f363c189f046a5a40a8f1741ac666eea4,48e905a1b61eb70051d9fb7af18d34e13390cb69
061,22,reference,162206,0.269593,da7ca9d27f49e10a463a75d68b2c0dbba167303bed20d837ba384e916616475d,a05b643dd86db7f7b0746edccda23e2da6609d4a4859596897f05822fe7eea47,8ec6266bd05aad7431090ce9fe3a8817850f09062da3facea1c27a04ae05d28d,48e905a1b61eb70051d9fb7af18d34e13390cb69
061,22,formatted,162206,0.220217,da7ca9d27f49e10a463a75d68b2c0dbba167303bed20d837ba384e916616475d,a05b643dd86db7f7b0746edccda23e2da6609d4a4859596897f05822fe7eea47,d354037a25886960e15833eb74b531f2fd90f8289a9cf1b5a0aa4f0744a12454,48e905a1b61eb70051d9fb7af18d34e13390cb69
061,22,standalone,162206,0.205444,da7ca9d27f49e10a463a75d68b2c0dbba167303bed20d837ba384e916616475d,a05b643dd86db7f7b0746edccda23e2da6609d4a4859596897f05822fe7eea47,e33b9f00674da2998a36504cb3d6b48f363c189f046a5a40a8f1741ac666eea4,48e905a1b61eb70051d9fb7af18d34e13390cb69
061,23,reference,345149,0.161635,932108b3d9ad2db32cd6474bd3c6c8433db902814908dcb4293511f53a4a5d29,04d3b631e2ed0855d4a3ae2a24ccb42a08b4c0d8f17f153050d8add9bc3ab4d7,8ec6266bd05aad7431090ce9fe3a8817850f09062da3facea1c27a04ae05d28d,48e905a1b61eb70051d9fb7af18d34e13390cb69
061,23,formatted,345149,0.148162,932108b3d9ad2db32cd6474bd3c6c8433db902814908dcb4293511f53a4a5d29,04d3b631e2ed0855d4a3ae2a24ccb42a08b4c0d8f17f153050d8add9bc3ab4d7,d354037a25886960e15833eb74b531f2fd90f8289a9cf1b5a0aa4f0744a12454,48e905a1b61eb70051d9fb7af18d34e13390cb69
061,23,standalone,345149,0.147393,932108b3d9ad2db32cd6474bd3c6c8433db902814908dcb4293511f53a4a5d29,04d3b631e2ed0855d4a3ae2a24ccb42a08b4c0d8f17f153050d8add9bc3ab4d7,e33b9f00674da2998a36504cb3d6b48f363c189f046a5a40a8f1741ac666eea4,48e905a1b61eb70051d9fb7af18d34e13390cb69
061,24,reference,99651,0.399977,695dde59f75ec6b217ebc10bfd54e7a28c4e3b898a68b74253d64e3b27696cfa,ed693a71cd929574a47423a1eee0b90c15247d42eb30fe9ed124cf0b0279f02d,8ec6266bd05aad7431090ce9fe3a8817850f09062da3facea1c27a04ae05d28d,48e905a1b61eb70051d9fb7af18d34e13390cb69
061,24,formatted,99651,0.405156,695dde59f75ec6b217ebc10bfd54e7a28c4e3b898a68b74253d64e3b27696cfa,ed693a71cd929574a47423a1eee0b90c15247d42eb30fe9ed124cf0b0279f02d,d354037a25886960e15833eb74b531f2fd90f8289a9cf1b5a0aa4f0744a12454,48e905a1b61eb70051d9fb7af18d34e13390cb69
061,24,standalone,99651,0.412132,695dde59f75ec6b217ebc10bfd54e7a28c4e3b898a68b74253d64e3b27696cfa,ed693a71cd929574a47423a1eee0b90c15247d42eb30fe9ed124cf0b0279f02d,e33b9f00674da2998a36504cb3d6b48f363c189f046a5a40a8f1741ac666eea4,48e905a1b61eb70051d9fb7af18d34e13390cb69
061,25,reference,253589,0.295928,c5e599263a57b71068d343052feec817f15d05e294571942ed7330839b61f29b,c8510b0dce7b0c479168abec5743f636a43d2c175ed4c06d918a909c70a619e6,8ec6266bd05aad7431090ce9fe3a8817850f09062da3facea1c27a04ae05d28d,48e905a1b61eb70051d9fb7af18d34e13390cb69
061,25,formatted,253589,0.303642,c5e599263a57b71068d343052feec817f15d05e294571942ed7330839b61f29b,c8510b0dce7b0c479168abec5743f636a43d2c175ed4c06d918a909c70a619e6,d354037a25886960e15833eb74b531f2fd90f8289a9cf1b5a0aa4f0744a12454,48e905a1b61eb70051d9fb7af18d34e13390cb69
061,25,standalone,253589,0.322383,c5e599263a57b71068d343052feec817f15d05e294571942ed7330839b61f29b,c8510b0dce7b0c479168abec5743f636a43d2c175ed4c06d918a909c70a619e6,e33b9f00674da2998a36504cb3d6b48f363c189f046a5a40a8f1741ac666eea4,48e905a1b61eb70051d9fb7af18d34e13390cb69
061,26,reference,183970,0.364031,baf6c94c81be268faa57e9f26307c1e1357cf06a2029ebe901dbf27d59073726,3ad04bdc69e09b13c5b91349feae82f1cf976a73be97a99af2b31bd3d7497e4c,8ec6266bd05aad7431090ce9fe3a8817850f09062da3facea1c27a04ae05d28d,48e905a1b61eb70051d9fb7af18d34e13390cb69
061,26,formatted,183970,0.397395,baf6c94c81be268faa57e9f26307c1e1357cf06a2029ebe901dbf27d59073726,3ad04bdc69e09b13c5b91349feae82f1cf976a73be97a99af2b31bd3d7497e4c,d354037a25886960e15833eb74b531f2fd90f8289a9cf1b5a0aa4f0744a12454,48e905a1b61eb70051d9fb7af18d34e13390cb69
061,26,standalone,183970,0.343845,baf6c94c81be268faa57e9f26307c1e1357cf06a2029ebe901dbf27d59073726,3ad04bdc69e09b13c5b91349feae82f1cf976a73be97a99af2b31bd3d7497e4c,e33b9f00674da2998a36504cb3d6b48f363c189f046a5a40a8f1741ac666eea4,48e905a1b61eb70051d9fb7af18d34e13390cb69
061,27,reference,319814,0.254909,7f74d861eeaed83acecbc8ab4d59c799890ee4e4d11e7077190b3e04b38937df,10e482c6364c804a668b230930d96a5b10f1ec9860900582fa0dcc5fdeccac64,8ec6266bd05aad7431090ce9fe3a8817850f09062da3facea1c27a04ae05d28d,48e905a1b61eb70051d9fb7af18d34e13390cb69
061,27,formatted,319814,0.269751,7f74d861eeaed83acecbc8ab4d59c799890ee4e4d11e7077190b3e04b38937df,10e482c6364c804a668b230930d96a5b10f1ec9860900582fa0dcc5fdeccac64,d354037a25886960e15833eb74b531f2fd90f8289a9cf1b5a0aa4f0744a12454,48e905a1b61eb70051d9fb7af18d34e13390cb69
061,27,standalone,319814,0.245920,7f74d861eeaed83acecbc8ab4d59c799890ee4e4d11e7077190b3e04b38937df,10e482c6364c804a668b230930d96a5b10f1ec9860900582fa0dcc5fdeccac64,e33b9f00674da2998a36504cb3d6b48f363c189f046a5a40a8f1741ac666eea4,48e905a1b61eb70051d9fb7af18d34e13390cb69
061,28,reference,258182,0.271839,b176f6276d6b1b582395df3afebe18ece84df72cce60b9c419164375419ebe2e,d9bbe15e295a3ad8bba8d169d2a6e711a3ee7a3e634d17912726fdb43fc61e9a,8ec6266bd05aad7431090ce9fe3a8817850f09062da3facea1c27a04ae05d28d,48e905a1b61eb70051d9fb7af18d34e13390cb69
061,28,formatted,258182,0.258548,b176f6276d6b1b582395df3afebe18ece84df72cce60b9c419164375419ebe2e,d9bbe15e295a3ad8bba8d169d2a6e711a3ee7a3e634d17912726fdb43fc61e9a,d354037a25886960e15833eb74b531f2fd90f8289a9cf1b5a0aa4f0744a12454,48e905a1b61eb70051d9fb7af18d34e13390cb69
061,28,standalone,258182,0.265236,b176f6276d6b1b582395df3afebe18ece84df72cce60b9c419164375419ebe2e,d9bbe15e295a3ad8bba8d169d2a6e711a3ee7a3e634d17912726fdb43fc61e9a,e33b9f00674da2998a36504cb3d6b48f363c189f046a5a40a8f1741ac666eea4,48e905a1b61eb70051d9fb7af18d34e13390cb69
061,29,reference,121080,0.499462,4438c72596460ae16b844ff979403dcc22ef40ce3995b1bd40491b35c576848a,698c3583d8fab49d207051be78a7e5199536ec3fe63982e8a87c4bd83081cee5,8ec6266bd05aad7431090ce9fe3a8817850f09062da3facea1c27a04ae05d28d,48e905a1b61eb70051d9fb7af18d34e13390cb69
061,29,formatted,121080,0.491296,4438c72596460ae16b844ff979403dcc22ef40ce3995b1bd40491b35c576848a,698c3583d8fab49d207051be78a7e5199536ec3fe63982e8a87c4bd83081cee5,d354037a25886960e15833eb74b531f2fd90f8289a9cf1b5a0aa4f0744a12454,48e905a1b61eb70051d9fb7af18d34e13390cb69
061,29,standalone,121080,0.510382,4438c72596460ae16b844ff979403dcc22ef40ce3995b1bd40491b35c576848a,698c3583d8fab49d207051be78a7e5199536ec3fe63982e8a87c4bd83081cee5,e33b9f00674da2998a36504cb3d6b48f363c189f046a5a40a8f1741ac666eea4,48e905a1b61eb70051d9fb7af18d34e13390cb69
061,30,reference,151313,0.461228,d321b066b9f7945a4d7554030b1d6fffb3129da6cf1ea5156915059a5a60da3c,a5ddcfd24c26c200c976ed0e9ce910a0b94841bf288ae4d7e21994672fbe2f58,8ec6266bd05aad7431090ce9fe3a8817850f09062da3facea1c27a04ae05d28d,48e905a1b61eb70051d9fb7af18d34e13390cb69
061,30,formatted,151313,0.457607,d321b066b9f7945a4d7554030b1d6fffb3129da6cf1ea5156915059a5a60da3c,a5ddcfd24c26c200c976ed0e9ce910a0b94841bf288ae4d7e21994672fbe2f58,d354037a25886960e15833eb74b531f2fd90f8289a9cf1b5a0aa4f0744a12454,48e905a1b61eb70051d9fb7af18d34e13390cb69
061,30,standalone,151313,0.494408,d321b066b9f7945a4d7554030b1d6fffb3129da6cf1ea5156915059a5a60da3c,a5ddcfd24c26c200c976ed0e9ce910a0b94841bf288ae4d7e21994672fbe2f58,e33b9f00674da2998a36504cb3d6b48f363c189f046a5a40a8f1741ac666eea4,48e905a1b61eb70051d9fb7af18d34e13390cb69
061,31,reference,145102,0.273693,751204be2b6557d25dc9145761ef1a764d331925ad49d9b58a3db08a1b38ad71,2d521e42871813afaf6dda1473ed7c4a7798850460e19c4f5715b6980ed388a8,8ec6266bd05aad7431090ce9fe3a8817850f09062da3facea1c27a04ae05d28d,48e905a1b61eb70051d9fb7af18d34e13390cb69
061,31,formatted,145102,0.272089,751204be2b6557d25dc9145761ef1a764d331925ad49d9b58a3db08a1b38ad71,2d521e42871813afaf6dda1473ed7c4a7798850460e19c4f5715b6980ed388a8,d354037a25886960e15833eb74b531f2fd90f8289a9cf1b5a0aa4f0744a12454,48e905a1b61eb70051d9fb7af18d34e13390cb69
061,31,standalone,145102,0.286322,751204be2b6557d25dc9145761ef1a764d331925ad49d9b58a3db08a1b38ad71,2d521e42871813afaf6dda1473ed7c4a7798850460e19c4f5715b6980ed388a8,e33b9f00674da2998a36504cb3d6b48f363c189f046a5a40a8f1741ac666eea4,48e905a1b61eb70051d9fb7af18d34e13390cb69
061,32,reference,104791,0.384938,5513688eaea943c827c78f28f38e58d9cdd94cecf86c127a76eb4186bd24fea5,3404dbbd3fd1d0ca196ab272c2dd84bf14911218fa52428718e821eb6fa6da60,8ec6266bd05aad7431090ce9fe3a8817850f09062da3facea1c27a04ae05d28d,48e905a1b61eb70051d9fb7af18d34e13390cb69
061,32,formatted,104791,0.413351,5513688eaea943c827c78f28f38e58d9cdd94cecf86c127a76eb4186bd24fea5,3404dbbd3fd1d0ca196ab272c2dd84bf14911218fa52428718e821eb6fa6da60,d354037a25886960e15833eb74b531f2fd90f8289a9cf1b5a0aa4f0744a12454,48e905a1b61eb70051d9fb7af18d34e13390cb69
061,32,standalone,104791,0.387406,5513688eaea943c827c78f28f38e58d9cdd94cecf86c127a76eb4186bd24fea5,3404dbbd3fd1d0ca196ab272c2dd84bf14911218fa52428718e821eb6fa6da60,e33b9f00674da2998a36504cb3d6b48f363c189f046a5a40a8f1741ac666eea4,48e905a1b61eb70051d9fb7af18d34e13390cb69
061,33,reference,119732,0.207864,96c1a6ee112b72fe0823c036616f7b0b1f4e07df5077e39fa2707f324a9a554b,683b5d58df2aff50ab2a2d7a02c7c457dfa75eec36c56c9ca85b1efdf1eaddc6,8ec6266bd05aad7431090ce9fe3a8817850f09062da3facea1c27a04ae05d28d,48e905a1b61eb70051d9fb7af18d34e13390cb69
061,33,formatted,119732,0.204885,96c1a6ee112b72fe0823c036616f7b0b1f4e07df5077e39fa2707f324a9a554b,683b5d58df2aff50ab2a2d7a02c7c457dfa75eec36c56c9ca85b1efdf1eaddc6,d354037a25886960e15833eb74b531f2fd90f8289a9cf1b5a0aa4f0744a12454,48e905a1b61eb70051d9fb7af18d34e13390cb69
061,33,standalone,119732,0.194847,96c1a6ee112b72fe0823c036616f7b0b1f4e07df5077e39fa2707f324a9a554b,683b5d58df2aff50ab2a2d7a02c7c457dfa75eec36c56c9ca85b1efdf1eaddc6,e33b9f00674da2998a36504cb3d6b48f363c189f046a5a40a8f1741ac666eea4,48e905a1b61eb70051d9fb7af18d34e13390cb69
061,34,reference,152357,0.119245,9ebf5c034a0bbc6f232fc056414f699f320b64357da6a99048db5c5ff64abc5a,6f976ca3a9959a793c9b652d6ede324ca51e65e76893eeae710317df3772f01e,8ec6266bd05aad7431090ce9fe3a8817850f09062da3facea1c27a04ae05d28d,48e905a1b61eb70051d9fb7af18d34e13390cb69
061,34,formatted,152357,0.119972,9ebf5c034a0bbc6f232fc056414f699f320b64357da6a99048db5c5ff64abc5a,6f976ca3a9959a793c9b652d6ede324ca51e65e76893eeae710317df3772f01e,d354037a25886960e15833eb74b531f2fd90f8289a9cf1b5a0aa4f0744a12454,48e905a1b61eb70051d9fb7af18d34e13390cb69
061,34,standalone,152357,0.122757,9ebf5c034a0bbc6f232fc056414f699f320b64357da6a99048db5c5ff64abc5a,6f976ca3a9959a793c9b652d6ede324ca51e65e76893eeae710317df3772f01e,e33b9f00674da2998a36504cb3d6b48f363c189f046a5a40a8f1741ac666eea4,48e905a1b61eb70051d9fb7af18d34e13390cb69
061,35,reference,277121,0.169119,ac3ba0d57f43035d41d543cdd4f51f658721b80a07c62c7e2f68468a0cc4bbff,18ce3d62b3dff3acad4af454a86eb6294f882cdb23e1200e876c8b03b66a30ea,8ec6266bd05aad7431090ce9fe3a8817850f09062da3facea1c27a04ae05d28d,48e905a1b61eb70051d9fb7af18d34e13390cb69
061,35,formatted,277121,0.147155,ac3ba0d57f43035d41d543cdd4f51f658721b80a07c62c7e2f68468a0cc4bbff,18ce3d62b3dff3acad4af454a86eb6294f882cdb23e1200e876c8b03b66a30ea,d354037a25886960e15833eb74b531f2fd90f8289a9cf1b5a0aa4f0744a12454,48e905a1b61eb70051d9fb7af18d34e13390cb69
061,35,standalone,277121,0.138032,ac3ba0d57f43035d41d543cdd4f51f658721b80a07c62c7e2f68468a0cc4bbff,18ce3d62b3dff3acad4af454a86eb6294f882cdb23e1200e876c8b03b66a30ea,e33b9f00674da2998a36504cb3d6b48f363c189f046a5a40a8f1741ac666eea4,48e905a1b61eb70051d9fb7af18d34e13390cb69
061,36,reference,281657,0.330650,309b20102b7364a634b96655aad19ab0769b2c4af53a967447e9a4cf0450b5c7,2ea61d965fa8620344da4382d8e8468697862a22207f3f15aa58afb8e2225297,8ec6266bd05aad7431090ce9fe3a8817850f09062da3facea1c27a04ae05d28d,48e905a1b61eb70051d9fb7af18d34e13390cb69
061,36,formatted,281657,0.331694,309b20102b7364a634b96655aad19ab0769b2c4af53a967447e9a4cf0450b5c7,2ea61d965fa8620344da4382d8e8468697862a22207f3f15aa58afb8e2225297,d354037a25886960e15833eb74b531f2fd90f8289a9cf1b5a0aa4f0744a12454,48e905a1b61eb70051d9fb7af18d34e13390cb69
061,36,standalone,281657,0.312914,309b20102b7364a634b96655aad19ab0769b2c4af53a967447e9a4cf0450b5c7,2ea61d965fa8620344da4382d8e8468697862a22207f3f15aa58afb8e2225297,e33b9f00674da2998a36504cb3d6b48f363c189f046a5a40a8f1741ac666eea4,48e905a1b61eb70051d9fb7af18d34e13390cb69
061,37,reference,243386,0.397848,5c76379d0c6a2288230c1279ad0756e8fe64f08ed2656e67af7dda0a6dced5da,a354921fea0c8c932cb3a94a6908ae0779d96815672e5d1e2f59fdcaa8d2d12e,8ec6266bd05aad7431090ce9fe3a8817850f09062da3facea1c27a04ae05d28d,48e905a1b61eb70051d9fb7af18d34e13390cb69
061,37,formatted,243386,0.404700,5c76379d0c6a2288230c1279ad0756e8fe64f08ed2656e67af7dda0a6dced5da,a354921fea0c8c932cb3a94a6908ae0779d96815672e5d1e2f59fdcaa8d2d12e,d354037a25886960e15833eb74b531f2fd90f8289a9cf1b5a0aa4f0744a12454,48e905a1b61eb70051d9fb7af18d34e13390cb69
061,37,standalone,243386,0.397915,5c76379d0c6a2288230c1279ad0756e8fe64f08ed2656e67af7dda0a6dced5da,a354921fea0c8c932cb3a94a6908ae0779d96815672e5d1e2f59fdcaa8d2d12e,e33b9f00674da2998a36504cb3d6b48f363c189f046a5a40a8f1741ac666eea4,48e905a1b61eb70051d9fb7af18d34e13390cb69
061,38,reference,93971,0.360157,634d4ffb0fee1566d44fdb526493385ccb1fe55e29f770918a68ca9bcb83e191,ff4fe3af8d742a736b0114d3ec0fb798b33ce4230d4cd5e4cb8636db01aad26d,8ec6266bd05aad7431090ce9fe3a8817850f09062da3facea1c27a04ae05d28d,48e905a1b61eb70051d9fb7af18d34e13390cb69
061,38,formatted,93971,0.327789,634d4ffb0fee1566d44fdb526493385ccb1fe55e29f770918a68ca9bcb83e191,ff4fe3af8d742a736b0114d3ec0fb798b33ce4230d4cd5e4cb8636db01aad26d,d354037a25886960e15833eb74b531f2fd90f8289a9cf1b5a0aa4f0744a12454,48e905a1b61eb70051d9fb7af18d34e13390cb69
061,38,standalone,93971,0.325543,634d4ffb0fee1566d44fdb526493385ccb1fe55e29f770918a68ca9bcb83e191,ff4fe3af8d742a736b0114d3ec0fb798b33ce4230d4cd5e4cb8636db01aad26d,e33b9f00674da2998a36504cb3d6b48f363c189f046a5a40a8f1741ac666eea4,48e905a1b61eb70051d9fb7af18d34e13390cb69
061,39,reference,279072,0.134060,717348fc142ac2d03e74cfc1a9bc5d4e689cb4af33b115a8ce0b0c778411cf31,fcf0382931026664f55f26d35a28af1f7acd0a159a52fb96c073f76c8ac20777,8ec6266bd05aad7431090ce9fe3a8817850f09062da3facea1c27a04ae05d28d,48e905a1b61eb70051d9fb7af18d34e13390cb69
061,39,formatted,279072,0.134236,717348fc142ac2d03e74cfc1a9bc5d4e689cb4af33b115a8ce0b0c778411cf31,fcf0382931026664f55f26d35a28af1f7acd0a159a52fb96c073f76c8ac20777,d354037a25886960e15833eb74b531f2fd90f8289a9cf1b5a0aa4f0744a12454,48e905a1b61eb70051d9fb7af18d34e13390cb69
061,39,standalone,279072,0.133183,717348fc142ac2d03e74cfc1a9bc5d4e689cb4af33b115a8ce0b0c778411cf31,fcf0382931026664f55f26d35a28af1f7acd0a159a52fb96c073f76c8ac20777,e33b9f00674da2998a36504cb3d6b48f363c189f046a5a40a8f1741ac666eea4,48e905a1b61eb70051d9fb7af18d34e13390cb69
061,40,reference,130263,0.497503,1c96d45862c8367fbf78173fd6ecfc64536e9f770aade882c176bf60b9638231,6dce52dc673a10ea6f11f3f3d7b8855d3b91fe853da72185389287003aa24081,8ec6266bd05aad7431090ce9fe3a8817850f09062da3facea1c27a04ae05d28d,48e905a1b61eb70051d9fb7af18d34e13390cb69
061,40,formatted,130263,0.450015,1c96d45862c8367fbf78173fd6ecfc64536e9f770aade882c176bf60b9638231,6dce52dc673a10ea6f11f3f3d7b8855d3b91fe853da72185389287003aa24081,d354037a25886960e15833eb74b531f2fd90f8289a9cf1b5a0aa4f0744a12454,48e905a1b61eb70051d9fb7af18d34e13390cb69
061,40,standalone,130263,0.478455,1c96d45862c8367fbf78173fd6ecfc64536e9f770aade882c176bf60b9638231,6dce52dc673a10ea6f11f3f3d7b8855d3b91fe853da72185389287003aa24081,e33b9f00674da2998a36504cb3d6b48f363c189f046a5a40a8f1741ac666eea4,48e905a1b61eb70051d9fb7af18d34e13390cb69
061,41,reference,366909,0.144350,bb806d60cd5b8042002773a2f1859a476fc6cbfc58be5796f8015901ae27dd47,a51247e32722a34556f09680599d40ed16cc2790121632a615b0593e6b7d6a54,8ec6266bd05aad7431090ce9fe3a8817850f09062da3facea1c27a04ae05d28d,48e905a1b61eb70051d9fb7af18d34e13390cb69
061,41,formatted,366909,0.149662,bb806d60cd5b8042002773a2f1859a476fc6cbfc58be5796f8015901ae27dd47,a51247e32722a34556f09680599d40ed16cc2790121632a615b0593e6b7d6a54,d354037a25886960e15833eb74b531f2fd90f8289a9cf1b5a0aa4f0744a12454,48e905a1b61eb70051d9fb7af18d34e13390cb69
061,41,standalone,366909,0.148192,bb806d60cd5b8042002773a2f1859a476fc6cbfc58be5796f8015901ae27dd47,a51247e32722a34556f09680599d40ed16cc2790121632a615b0593e6b7d6a54,e33b9f00674da2998a36504cb3d6b48f363c189f046a5a40a8f1741ac666eea4,48e905a1b61eb70051d9fb7af18d34e13390cb69
061,42,reference,143300,0.311277,bd5557ae0787b4b9ea17ee1d3676b607793cb3b705b2bf2366efaba61b63cfc7,b68287019c58cc43c29599061ee9383eff2954f200c11355e2b2fa28b00ca29b,8ec6266bd05aad7431090ce9fe3a8817850f09062da3facea1c27a04ae05d28d,48e905a1b61eb70051d9fb7af18d34e13390cb69
061,42,formatted,143300,0.297187,bd5557ae0787b4b9ea17ee1d3676b607793cb3b705b2bf2366efaba61b63cfc7,b68287019c58cc43c29599061ee9383eff2954f200c11355e2b2fa28b00ca29b,d354037a25886960e15833eb74b531f2fd90f8289a9cf1b5a0aa4f0744a12454,48e905a1b61eb70051d9fb7af18d34e13390cb69
061,42,standalone,143300,0.307967,bd5557ae0787b4b9ea17ee1d3676b607793cb3b705b2bf2366efaba61b63cfc7,b68287019c58cc43c29599061ee9383eff2954f200c11355e2b2fa28b00ca29b,e33b9f00674da2998a36504cb3d6b48f363c189f046a5a40a8f1741ac666eea4,48e905a1b61eb70051d9fb7af18d34e13390cb69
061,43,reference,236625,0.310944,23d5eb1b863359e0e2ce610d48b5fafc460fe7519e801739a6c45fefce8eb3da,21f1ff78218ea66b45dbfd6c50ea466027b56440806c05605b17f4b7acf98789,8ec6266bd05aad7431090ce9fe3a8817850f09062da3facea1c27a04ae05d28d,48e905a1b61eb70051d9fb7af18d34e13390cb69
061,43,formatted,236625,0.302019,23d5eb1b863359e0e2ce610d48b5fafc460fe7519e801739a6c45fefce8eb3da,21f1ff78218ea66b45dbfd6c50ea466027b56440806c05605b17f4b7acf98789,d354037a25886960e15833eb74b531f2fd90f8289a9cf1b5a0aa4f0744a12454,48e905a1b61eb70051d9fb7af18d34e13390cb69
061,43,standalone,236625,0.298914,23d5eb1b863359e0e2ce610d48b5fafc460fe7519e801739a6c45fefce8eb3da,21f1ff78218ea66b45dbfd6c50ea466027b56440806c05605b17f4b7acf98789,e33b9f00674da2998a36504cb3d6b48f363c189f046a5a40a8f1741ac666eea4,48e905a1b61eb70051d9fb7af18d34e13390cb69
061,44,reference,118206,0.359359,1838686de17f2e6ed4429dffaa68645baaecc9b5bfa1aac90a02cac10f833164,2d828171b3ac27a7be3dc5034eed3ff47191e5a65f4682b32d35389e3f375872,8ec6266bd05aad7431090ce9fe3a8817850f09062da3facea1c27a04ae05d28d,48e905a1b61eb70051d9fb7af18d34e13390cb69
061,44,formatted,118206,0.359878,1838686de17f2e6ed4429dffaa68645baaecc9b5bfa1aac90a02cac10f833164,2d828171b3ac27a7be3dc5034eed3ff47191e5a65f4682b32d35389e3f375872,d354037a25886960e15833eb74b531f2fd90f8289a9cf1b5a0aa4f0744a12454,48e905a1b61eb70051d9fb7af18d34e13390cb69
061,44,standalone,118206,0.360835,1838686de17f2e6ed4429dffaa68645baaecc9b5bfa1aac90a02cac10f833164,2d828171b3ac27a7be3dc5034eed3ff47191e5a65f4682b32d35389e3f375872,e33b9f00674da2998a36504cb3d6b48f363c189f046a5a40a8f1741ac666eea4,48e905a1b61eb70051d9fb7af18d34e13390cb69
061,45,reference,122141,0.245008,2400cea9d77c77b54f4ae3eae076437a3c526ca17a2558b7554dae638bfd3c45,27bb0c07e1aebcfabfa18b91b6f5271ab891ed2acea9db8dc22d453247b8cb19,8ec6266bd05aad7431090ce9fe3a8817850f09062da3facea1c27a04ae05d28d,48e905a1b61eb70051d9fb7af18d34e13390cb69
061,45,formatted,122141,0.241663,2400cea9d77c77b54f4ae3eae076437a3c526ca17a2558b7554dae638bfd3c45,27bb0c07e1aebcfabfa18b91b6f5271ab891ed2acea9db8dc22d453247b8cb19,d354037a25886960e15833eb74b531f2fd90f8289a9cf1b5a0aa4f0744a12454,48e905a1b61eb70051d9fb7af18d34e13390cb69
061,45,standalone,122141,0.255923,2400cea9d77c77b54f4ae3eae076437a3c526ca17a2558b7554dae638bfd3c45,27bb0c07e1aebcfabfa18b91b6f5271ab891ed2acea9db8dc22d453247b8cb19,e33b9f00674da2998a36504cb3d6b48f363c189f046a5a40a8f1741ac666eea4,48e905a1b61eb70051d9fb7af18d34e13390cb69
061,46,reference,334851,0.280581,a969d5b8bb29ab4c034dd5ccc3cc20eba49567db516c8bb16cfb59f8f35511b0,7506fb78f6edfb0f58a34e5525500bdd898a421bc07147ddbcef2866b134f501,8ec6266bd05aad7431090ce9fe3a8817850f09062da3facea1c27a04ae05d28d,48e905a1b61eb70051d9fb7af18d34e13390cb69
061,46,formatted,334851,0.279816,a969d5b8bb29ab4c034dd5ccc3cc20eba49567db516c8bb16cfb59f8f35511b0,7506fb78f6edfb0f58a34e5525500bdd898a421bc07147ddbcef2866b134f501,d354037a25886960e15833eb74b531f2fd90f8289a9cf1b5a0aa4f0744a12454,48e905a1b61eb70051d9fb7af18d34e13390cb69
061,46,standalone,334851,0.286281,a969d5b8bb29ab4c034dd5ccc3cc20eba49567db516c8bb16cfb59f8f35511b0,7506fb78f6edfb0f58a34e5525500bdd898a421bc07147ddbcef2866b134f501,e33b9f00674da2998a36504cb3d6b48f363c189f046a5a40a8f1741ac666eea4,48e905a1b61eb70051d9fb7af18d34e13390cb69
061,47,reference,144054,0.480060,bd8400ff4451f1fcb5c1b8aa63005c33420bc2f9aea13aa36f5ee81c6d1d5936,a8ab5737c6710c89583050292b346e523a3e4341dcb933d94673bec9103d1cbd,8ec6266bd05aad7431090ce9fe3a8817850f09062da3facea1c27a04ae05d28d,48e905a1b61eb70051d9fb7af18d34e13390cb69
061,47,formatted,144054,0.559367,bd8400ff4451f1fcb5c1b8aa63005c33420bc2f9aea13aa36f5ee81c6d1d5936,a8ab5737c6710c89583050292b346e523a3e4341dcb933d94673bec9103d1cbd,d354037a25886960e15833eb74b531f2fd90f8289a9cf1b5a0aa4f0744a12454,48e905a1b61eb70051d9fb7af18d34e13390cb69
061,47,standalone,144054,0.498197,bd8400ff4451f1fcb5c1b8aa63005c33420bc2f9aea13aa36f5ee81c6d1d5936,a8ab5737c6710c89583050292b346e523a3e4341dcb933d94673bec9103d1cbd,e33b9f00674da2998a36504cb3d6b48f363c189f046a5a40a8f1741ac666eea4,48e905a1b61eb70051d9fb7af18d34e13390cb69
061,48,reference,149650,0.506230,9f5ae7e942493e5e141d02466e9ae4d9f6000e45e368ae390c7a18874c833810,75182c227663dfe5f6a06e7986332d7c17e22e0c14d9c7fce45aca5198605663,8ec6266bd05aad7431090ce9fe3a8817850f09062da3facea1c27a04ae05d28d,48e905a1b61eb70051d9fb7af18d34e13390cb69
061,48,formatted,149650,0.511511,9f5ae7e942493e5e141d02466e9ae4d9f6000e45e368ae390c7a18874c833810,75182c227663dfe5f6a06e7986332d7c17e22e0c14d9c7fce45aca5198605663,d354037a25886960e15833eb74b531f2fd90f8289a9cf1b5a0aa4f0744a12454,48e905a1b61eb70051d9fb7af18d34e13390cb69
061,48,standalone,149650,0.503769,9f5ae7e942493e5e141d02466e9ae4d9f6000e45e368ae390c7a18874c833810,75182c227663dfe5f6a06e7986332d7c17e22e0c14d9c7fce45aca5198605663,e33b9f00674da2998a36504cb3d6b48f363c189f046a5a40a8f1741ac666eea4,48e905a1b61eb70051d9fb7af18d34e13390cb69
061,49,reference,100554,0.290883,1acdfe63aaeee4af8e4d3aa323d3f2c6ae8c8af361b3c94145b7883264dc4f6f,28e257fdf8bebf4885fe8562a4442ee73285b2346a27131910b77669146c6bf4,8ec6266bd05aad7431090ce9fe3a8817850f09062da3facea1c27a04ae05d28d,48e905a1b61eb70051d9fb7af18d34e13390cb69
061,49,formatted,100554,0.280035,1acdfe63aaeee4af8e4d3aa323d3f2c6ae8c8af361b3c94145b7883264dc4f6f,28e257fdf8bebf4885fe8562a4442ee73285b2346a27131910b77669146c6bf4,d354037a25886960e15833eb74b531f2fd90f8289a9cf1b5a0aa4f0744a12454,48e905a1b61eb70051d9fb7af18d34e13390cb69
061,49,standalone,100554,0.273698,1acdfe63aaeee4af8e4d3aa323d3f2c6ae8c8af361b3c94145b7883264dc4f6f,28e257fdf8bebf4885fe8562a4442ee73285b2346a27131910b77669146c6bf4,e33b9f00674da2998a36504cb3d6b48f363c189f046a5a40a8f1741ac666eea4,48e905a1b61eb70051d9fb7af18d34e13390cb69
061,50,reference,120463,0.277410,cd8de425d1e1e294eeb6f5a7e002eb744e51f135f35d4d5b264f30f6b54c9d30,3b635d64c7fa45908ac57c3d4faebd8352e2f06834c39566af37265f576f0079,8ec6266bd05aad7431090ce9fe3a8817850f09062da3facea1c27a04ae05d28d,48e905a1b61eb70051d9fb7af18d34e13390cb69
061,50,formatted,120463,0.278678,cd8de425d1e1e294eeb6f5a7e002eb744e51f135f35d4d5b264f30f6b54c9d30,3b635d64c7fa45908ac57c3d4faebd8352e2f06834c39566af37265f576f0079,d354037a25886960e15833eb74b531f2fd90f8289a9cf1b5a0aa4f0744a12454,48e905a1b61eb70051d9fb7af18d34e13390cb69
061,50,standalone,120463,0.293972,cd8de425d1e1e294eeb6f5a7e002eb744e51f135f35d4d5b264f30f6b54c9d30,3b635d64c7fa45908ac57c3d4faebd8352e2f06834c39566af37265f576f0079,e33b9f00674da2998a36504cb3d6b48f363c189f046a5a40a8f1741ac666eea4,48e905a1b61eb70051d9fb7af18d34e13390cb69
061,51,reference,91038,0.304717,a9de821cd8ca4dfef05266725f392945dbc61bb6d66c3aea39670810256b9912,29c65f93b9401a328e5502c366f9c18929002007e48743d124233c582a02e8f2,8ec6266bd05aad7431090ce9fe3a8817850f09062da3facea1c27a04ae05d28d,48e905a1b61eb70051d9fb7af18d34e13390cb69
061,51,formatted,91038,0.295465,a9de821cd8ca4dfef05266725f392945dbc61bb6d66c3aea39670810256b9912,29c65f93b9401a328e5502c366f9c18929002007e48743d124233c582a02e8f2,d354037a25886960e15833eb74b531f2fd90f8289a9cf1b5a0aa4f0744a12454,48e905a1b61eb70051d9fb7af18d34e13390cb69
061,51,standalone,91038,0.305265,a9de821cd8ca4dfef05266725f392945dbc61bb6d66c3aea39670810256b9912,29c65f93b9401a328e5502c366f9c18929002007e48743d124233c582a02e8f2,e33b9f00674da2998a36504cb3d6b48f363c189f046a5a40a8f1741ac666eea4,48e905a1b61eb70051d9fb7af18d34e13390cb69
061,52,reference,125828,0.369234,2aacb2f0d60be2bf5a8d7fa4703416a3d1731a53a2e06d60febd4678f237ba35,1c4540b54507f2b30a7318a6e9fb5e44546d6c2e78ac2b6e70d52de18c3fe703,8ec6266bd05aad7431090ce9fe3a8817850f09062da3facea1c27a04ae05d28d,48e905a1b61eb70051d9fb7af18d34e13390cb69
061,52,formatted,125828,0.380806,2aacb2f0d60be2bf5a8d7fa4703416a3d1731a53a2e06d60febd4678f237ba35,1c4540b54507f2b30a7318a6e9fb5e44546d6c2e78ac2b6e70d52de18c3fe703,d354037a25886960e15833eb74b531f2fd90f8289a9cf1b5a0aa4f0744a12454,48e905a1b61eb70051d9fb7af18d34e13390cb69
061,52,standalone,125828,0.371914,2aacb2f0d60be2bf5a8d7fa4703416a3d1731a53a2e06d60febd4678f237ba35,1c4540b54507f2b30a7318a6e9fb5e44546d6c2e78ac2b6e70d52de18c3fe703,e33b9f00674da2998a36504cb3d6b48f363c189f046a5a40a8f1741ac666eea4,48e905a1b61eb70051d9fb7af18d34e13390cb69
061,53,reference,146584,0.207221,7f86032efee1b9393c7a62b235bda5d3df34dd3909eeb4c193e0bd3c8ec75c59,d5c032730f86986e4686546b0411204b1dc1dd0e15209658c50ba578e9b389eb,8ec6266bd05aad7431090ce9fe3a8817850f09062da3facea1c27a04ae05d28d,48e905a1b61eb70051d9fb7af18d34e13390cb69
061,53,formatted,146584,0.209190,7f86032efee1b9393c7a62b235bda5d3df34dd3909eeb4c193e0bd3c8ec75c59,d5c032730f86986e4686546b0411204b1dc1dd0e15209658c50ba578e9b389eb,d354037a25886960e15833eb74b531f2fd90f8289a9cf1b5a0aa4f0744a12454,48e905a1b61eb70051d9fb7af18d34e13390cb69
061,53,standalone,146584,0.213066,7f86032efee1b9393c7a62b235bda5d3df34dd3909eeb4c193e0bd3c8ec75c59,d5c032730f86986e4686546b0411204b1dc1dd0e15209658c50ba578e9b389eb,e33b9f00674da2998a36504cb3d6b48f363c189f046a5a40a8f1741ac666eea4,48e905a1b61eb70051d9fb7af18d34e13390cb69
061,54,reference,269862,0.539664,f36bbce47eb3cb452e3c92747938d548d8bc6f3df1f7ece308bbdd9c8804d207,68492319b0f0c99fd928e2a44f76a50a24e2c315ac84a37436b6d56ffc83b222,8ec6266bd05aad7431090ce9fe3a8817850f09062da3facea1c27a04ae05d28d,48e905a1b61eb70051d9fb7af18d34e13390cb69
061,54,formatted,269862,0.542637,f36bbce47eb3cb452e3c92747938d548d8bc6f3df1f7ece308bbdd9c8804d207,68492319b0f0c99fd928e2a44f76a50a24e2c315ac84a37436b6d56ffc83b222,d354037a25886960e15833eb74b531f2fd90f8289a9cf1b5a0aa4f0744a12454,48e905a1b61eb70051d9fb7af18d34e13390cb69
061,54,standalone,269862,0.551348,f36bbce47eb3cb452e3c92747938d548d8bc6f3df1f7ece308bbdd9c8804d207,68492319b0f0c99fd928e2a44f76a50a24e2c315ac84a37436b6d56ffc83b222,e33b9f00674da2998a36504cb3d6b48f363c189f046a5a40a8f1741ac666eea4,48e905a1b61eb70051d9fb7af18d34e13390cb69
061,55,reference,131235,0.395974,bbd7b5583f794fa46e0cadc02431c7ce3b5655a326e965343f17e6efddbdcec7,30744dbaea2e5b137a1efa1171e81741e96c9d2057f65a5acb7f4ec7ab5ca9c4,8ec6266bd05aad7431090ce9fe3a8817850f09062da3facea1c27a04ae05d28d,48e905a1b61eb70051d9fb7af18d34e13390cb69
061,55,formatted,131235,0.405854,bbd7b5583f794fa46e0cadc02431c7ce3b5655a326e965343f17e6efddbdcec7,30744dbaea2e5b137a1efa1171e81741e96c9d2057f65a5acb7f4ec7ab5ca9c4,d354037a25886960e15833eb74b531f2fd90f8289a9cf1b5a0aa4f0744a12454,48e905a1b61eb70051d9fb7af18d34e13390cb69
061,55,standalone,131235,0.399544,bbd7b5583f794fa46e0cadc02431c7ce3b5655a326e965343f17e6efddbdcec7,30744dbaea2e5b137a1efa1171e81741e96c9d2057f65a5acb7f4ec7ab5ca9c4,e33b9f00674da2998a36504cb3d6b48f363c189f046a5a40a8f1741ac666eea4,48e905a1b61eb70051d9fb7af18d34e13390cb69
061,56,reference,115666,0.414685,7dadb2e3d2efc251792c4653502ae422ce1a4dd3d3472ea356a3514c02dff82f,77fa58ea9e4f8e17661654469f1a9db03890864bb4390159a453b86466b24169,8ec6266bd05aad7431090ce9fe3a8817850f09062da3facea1c27a04ae05d28d,48e905a1b61eb70051d9fb7af18d34e13390cb69
061,56,formatted,115666,0.415788,7dadb2e3d2efc251792c4653502ae422ce1a4dd3d3472ea356a3514c02dff82f,77fa58ea9e4f8e17661654469f1a9db03890864bb4390159a453b86466b24169,d354037a25886960e15833eb74b531f2fd90f8289a9cf1b5a0aa4f0744a12454,48e905a1b61eb70051d9fb7af18d34e13390cb69
061,56,standalone,115666,0.422490,7dadb2e3d2efc251792c4653502ae422ce1a4dd3d3472ea356a3514c02dff82f,77fa58ea9e4f8e17661654469f1a9db03890864bb4390159a453b86466b24169,e33b9f00674da2998a36504cb3d6b48f363c189f046a5a40a8f1741ac666eea4,48e905a1b61eb70051d9fb7af18d34e13390cb69
061,57,reference,252002,0.486785,6654dd244f3b836ec20cb5a763bcf0465d528611b2c4c30caf3316bdb9b3fb8c,d15ee10828a4ad3901b505cb16cd31a0a8f44605a2bfbcfa374e70a921c4f43a,8ec6266bd05aad7431090ce9fe3a8817850f09062da3facea1c27a04ae05d28d,48e905a1b61eb70051d9fb7af18d34e13390cb69
061,57,formatted,252002,0.471889,6654dd244f3b836ec20cb5a763bcf0465d528611b2c4c30caf3316bdb9b3fb8c,d15ee10828a4ad3901b505cb16cd31a0a8f44605a2bfbcfa374e70a921c4f43a,d354037a25886960e15833eb74b531f2fd90f8289a9cf1b5a0aa4f0744a12454,48e905a1b61eb70051d9fb7af18d34e13390cb69
061,57,standalone,252002,0.481090,6654dd244f3b836ec20cb5a763bcf0465d528611b2c4c30caf3316bdb9b3fb8c,d15ee10828a4ad3901b505cb16cd31a0a8f44605a2bfbcfa374e70a921c4f43a,e33b9f00674da2998a36504cb3d6b48f363c189f046a5a40a8f1741ac666eea4,48e905a1b61eb70051d9fb7af18d34e13390cb69
061,58,reference,90534,0.384345,a9e2c0978002e0fa29d2330f7e7f98a424f3292f45a4efce52f271c1fe723297,06a48861b422efa8d022d71907b6cd110197bc28cd37f1238b7b4fa71b65a66c,8ec6266bd05aad7431090ce9fe3a8817850f09062da3facea1c27a04ae05d28d,48e905a1b61eb70051d9fb7af18d34e13390cb69
061,58,formatted,90534,0.411658,a9e2c0978002e0fa29d2330f7e7f98a424f3292f45a4efce52f271c1fe723297,06a48861b422efa8d022d71907b6cd110197bc28cd37f1238b7b4fa71b65a66c,d354037a25886960e15833eb74b531f2fd90f8289a9cf1b5a0aa4f0744a12454,48e905a1b61eb70051d9fb7af18d34e13390cb69
061,58,standalone,90534,0.392917,a9e2c0978002e0fa29d2330f7e7f98a424f3292f45a4efce52f271c1fe723297,06a48861b422efa8d022d71907b6cd110197bc28cd37f1238b7b4fa71b65a66c,e33b9f00674da2998a36504cb3d6b48f363c189f046a5a40a8f1741ac666eea4,48e905a1b61eb70051d9fb7af18d34e13390cb69
061,59,reference,165860,0.265576,86cdf664a3b9b7466367b8b3affdddcf17f216ff8ada4d76a5605ec88217c58f,ec289841003f354135c5b3ad67b5dd29884c92cba4e5016594476075977749bf,8ec6266bd05aad7431090ce9fe3a8817850f09062da3facea1c27a04ae05d28d,48e905a1b61eb70051d9fb7af18d34e13390cb69
061,59,formatted,165860,0.258922,86cdf664a3b9b7466367b8b3affdddcf17f216ff8ada4d76a5605ec88217c58f,ec289841003f354135c5b3ad67b5dd29884c92cba4e5016594476075977749bf,d354037a25886960e15833eb74b531f2fd90f8289a9cf1b5a0aa4f0744a12454,48e905a1b61eb70051d9fb7af18d34e13390cb69
061,59,standalone,165860,0.262456,86cdf664a3b9b7466367b8b3affdddcf17f216ff8ada4d76a5605ec88217c58f,ec289841003f354135c5b3ad67b5dd29884c92cba4e5016594476075977749bf,e33b9f00674da2998a36504cb3d6b48f363c189f046a5a40a8f1741ac666eea4,48e905a1b61eb70051d9fb7af18d34e13390cb69
061,60,reference,98124,0.439745,4d7611b8ad364f22441da9cca130addb18655875fad77cf2ebf6765c798823f4,c3845d2989fc0dfd98fe5c2e64140253bb5233d4ce2f4ba2bb9790329f9fdfa0,8ec6266bd05aad7431090ce9fe3a8817850f09062da3facea1c27a04ae05d28d,48e905a1b61eb70051d9fb7af18d34e13390cb69
061,60,formatted,98124,0.441443,4d7611b8ad364f22441da9cca130addb18655875fad77cf2ebf6765c798823f4,c3845d2989fc0dfd98fe5c2e64140253bb5233d4ce2f4ba2bb9790329f9fdfa0,d354037a25886960e15833eb74b531f2fd90f8289a9cf1b5a0aa4f0744a12454,48e905a1b61eb70051d9fb7af18d34e13390cb69
061,60,standalone,98124,0.445122,4d7611b8ad364f22441da9cca130addb18655875fad77cf2ebf6765c798823f4,c3845d2989fc0dfd98fe5c2e64140253bb5233d4ce2f4ba2bb9790329f9fdfa0,e33b9f00674da2998a36504cb3d6b48f363c189f046a5a40a8f1741ac666eea4,48e905a1b61eb70051d9fb7af18d34e13390cb69
061,61,reference,244149,0.354323,bb1ebeae54704c0538ba9e22dbf56ab75c902a2282cf5aedf699701b33305002,a1b30b1d91df650d27a0198e419b15dcff7c1c60c6bf76bec56954313c73db7a,8ec6266bd05aad7431090ce9fe3a8817850f09062da3facea1c27a04ae05d28d,48e905a1b61eb70051d9fb7af18d34e13390cb69
061,61,formatted,244149,0.355358,bb1ebeae54704c0538ba9e22dbf56ab75c902a2282cf5aedf699701b33305002,a1b30b1d91df650d27a0198e419b15dcff7c1c60c6bf76bec56954313c73db7a,d354037a25886960e15833eb74b531f2fd90f8289a9cf1b5a0aa4f0744a12454,48e905a1b61eb70051d9fb7af18d34e13390cb69
061,61,standalone,244149,0.395006,bb1ebeae54704c0538ba9e22dbf56ab75c902a2282cf5aedf699701b33305002,a1b30b1d91df650d27a0198e419b15dcff7c1c60c6bf76bec56954313c73db7a,e33b9f00674da2998a36504cb3d6b48f363c189f046a5a40a8f1741ac666eea4,48e905a1b61eb70051d9fb7af18d34e13390cb69
061,62,reference,78675,0.478554,d844369043634845d0754e4239bf9b682959099ca42cfd1e5942837fd2e48d85,096b149e986f691810739219b1759d06a289a47f83e36ba9391c57710ba0a79a,8ec6266bd05aad7431090ce9fe3a8817850f09062da3facea1c27a04ae05d28d,48e905a1b61eb70051d9fb7af18d34e13390cb69
061,62,formatted,78675,0.497465,d844369043634845d0754e4239bf9b682959099ca42cfd1e5942837fd2e48d85,096b149e986f691810739219b1759d06a289a47f83e36ba9391c57710ba0a79a,d354037a25886960e15833eb74b531f2fd90f8289a9cf1b5a0aa4f0744a12454,48e905a1b61eb70051d9fb7af18d34e13390cb69
061,62,standalone,78675,0.480940,d844369043634845d0754e4239bf9b682959099ca42cfd1e5942837fd2e48d85,096b149e986f691810739219b1759d06a289a47f83e36ba9391c57710ba0a79a,e33b9f00674da2998a36504cb3d6b48f363c189f046a5a40a8f1741ac666eea4,48e905a1b61eb70051d9fb7af18d34e13390cb69
061,63,reference,128637,0.453604,a7e4f897443e339904a0cbf999c9ac1eefee42c1efc5ab7aacc038330cef130e,209e7f4c0db4a5b49034c31f1b351e1f4a452202a62793902edb721d6730cb24,8ec6266bd05aad7431090ce9fe3a8817850f09062da3facea1c27a04ae05d28d,48e905a1b61eb70051d9fb7af18d34e13390cb69
061,63,formatted,128637,0.443104,a7e4f897443e339904a0cbf999c9ac1eefee42c1efc5ab7aacc038330cef130e,209e7f4c0db4a5b49034c31f1b351e1f4a452202a62793902edb721d6730cb24,d354037a25886960e15833eb74b531f2fd90f8289a9cf1b5a0aa4f0744a12454,48e905a1b61eb70051d9fb7af18d34e13390cb69
061,63,standalone,128637,0.466827,a7e4f897443e339904a0cbf999c9ac1eefee42c1efc5ab7aacc038330cef130e,209e7f4c0db4a5b49034c31f1b351e1f4a452202a62793902edb721d6730cb24,e33b9f00674da2998a36504cb3d6b48f363c189f046a5a40a8f1741ac666eea4,48e905a1b61eb70051d9fb7af18d34e13390cb69
061,64,reference,173959,0.416045,b60665e1f2fb1e392c5f7fbbe38917c686a9b7df5cbda067a95ee22f7baaeb16,c624b5c4866f4e523087740019c29156c583e56b6d0d8eb3853b2eb00191ac2f,8ec6266bd05aad7431090ce9fe3a8817850f09062da3facea1c27a04ae05d28d,48e905a1b61eb70051d9fb7af18d34e13390cb69
061,64,formatted,173959,0.410591,b60665e1f2fb1e392c5f7fbbe38917c686a9b7df5cbda067a95ee22f7baaeb16,c624b5c4866f4e523087740019c29156c583e56b6d0d8eb3853b2eb00191ac2f,d354037a25886960e15833eb74b531f2fd90f8289a9cf1b5a0aa4f0744a12454,48e905a1b61eb70051d9fb7af18d34e13390cb69
061,64,standalone,173959,1.103019,b60665e1f2fb1e392c5f7fbbe38917c686a9b7df5cbda067a95ee22f7baaeb16,c624b5c4866f4e523087740019c29156c583e56b6d0d8eb3853b2eb00191ac2f,e33b9f00674da2998a36504cb3d6b48f363c189f046a5a40a8f1741ac666eea4,48e905a1b61eb70051d9fb7af18d34e13390cb69
061,65,reference,137087,0.346955,6b4c0008ea2085f7b8331bb3d748c189408db4ab8064bacab4f291a4541e6e33,35f90d6240453ffaea4c742b732bfea410a9be81e48127577a11c93c6d373579,8ec6266bd05aad7431090ce9fe3a8817850f09062da3facea1c27a04ae05d28d,48e905a1b61eb70051d9fb7af18d34e13390cb69
061,65,formatted,137087,0.359167,6b4c0008ea2085f7b8331bb3d748c189408db4ab8064bacab4f291a4541e6e33,35f90d6240453ffaea4c742b732bfea410a9be81e48127577a11c93c6d373579,d354037a25886960e15833eb74b531f2fd90f8289a9cf1b5a0aa4f0744a12454,48e905a1b61eb70051d9fb7af18d34e13390cb69
061,65,standalone,137087,0.336432,6b4c0008ea2085f7b8331bb3d748c189408db4ab8064bacab4f291a4541e6e33,35f90d6240453ffaea4c742b732bfea410a9be81e48127577a11c93c6d373579,e33b9f00674da2998a36504cb3d6b48f363c189f046a5a40a8f1741ac666eea4,48e905a1b61eb70051d9fb7af18d34e13390cb69
061,66,reference,160162,0.330464,8fa1f381e80e15aa97268916dd0d830570c97d6d52a95f4c98956c52909bf746,fad8b0fa2ef5971de40f927ad7bc91ed9c21f67e367dd23b2cad1e3554ef1f69,8ec6266bd05aad7431090ce9fe3a8817850f09062da3facea1c27a04ae05d28d,48e905a1b61eb70051d9fb7af18d34e13390cb69
061,66,formatted,160162,0.332344,8fa1f381e80e15aa97268916dd0d830570c97d6d52a95f4c98956c52909bf746,fad8b0fa2ef5971de40f927ad7bc91ed9c21f67e367dd23b2cad1e3554ef1f69,d354037a25886960e15833eb74b531f2fd90f8289a9cf1b5a0aa4f0744a12454,48e905a1b61eb70051d9fb7af18d34e13390cb69
061,66,standalone,160162,0.342135,8fa1f381e80e15aa97268916dd0d830570c97d6d52a95f4c98956c52909bf746,fad8b0fa2ef5971de40f927ad7bc91ed9c21f67e367dd23b2cad1e3554ef1f69,e33b9f00674da2998a36504cb3d6b48f363c189f046a5a40a8f1741ac666eea4,48e905a1b61eb70051d9fb7af18d34e13390cb69
061,67,reference,86323,0.345455,3c11a66e83f6a0cc14b1dd6f785f393f885b065f2b52124d0d166d76d0d2c3f6,84c8d2c4877b6d9b1da0f1dccd7206d4900cece0ab7e262e5d1908aa7e0bf383,8ec6266bd05aad7431090ce9fe3a8817850f09062da3facea1c27a04ae05d28d,48e905a1b61eb70051d9fb7af18d34e13390cb69
061,67,formatted,86323,0.334848,3c11a66e83f6a0cc14b1dd6f785f393f885b065f2b52124d0d166d76d0d2c3f6,84c8d2c4877b6d9b1da0f1dccd7206d4900cece0ab7e262e5d1908aa7e0bf383,d354037a25886960e15833eb74b531f2fd90f8289a9cf1b5a0aa4f0744a12454,48e905a1b61eb70051d9fb7af18d34e13390cb69
061,67,standalone,86323,0.333749,3c11a66e83f6a0cc14b1dd6f785f393f885b065f2b52124d0d166d76d0d2c3f6,84c8d2c4877b6d9b1da0f1dccd7206d4900cece0ab7e262e5d1908aa7e0bf383,e33b9f00674da2998a36504cb3d6b48f363c189f046a5a40a8f1741ac666eea4,48e905a1b61eb70051d9fb7af18d34e13390cb69
061,68,reference,207277,0.482495,aae475b952dabc1a712edba2f7012d0a016d6ced4750be71c2f2fd62dc1eab1e,561241813abadd7ae2b0e663b65c781ad1bf687cb5d6b37ed81b0dd4142ac5d0,8ec6266bd05aad7431090ce9fe3a8817850f09062da3facea1c27a04ae05d28d,48e905a1b61eb70051d9fb7af18d34e13390cb69
061,68,formatted,207277,0.474915,aae475b952dabc1a712edba2f7012d0a016d6ced4750be71c2f2fd62dc1eab1e,561241813abadd7ae2b0e663b65c781ad1bf687cb5d6b37ed81b0dd4142ac5d0,d354037a25886960e15833eb74b531f2fd90f8289a9cf1b5a0aa4f0744a12454,48e905a1b61eb70051d9fb7af18d34e13390cb69
061,68,standalone,207277,0.489538,aae475b952dabc1a712edba2f7012d0a016d6ced4750be71c2f2fd62dc1eab1e,561241813abadd7ae2b0e663b65c781ad1bf687cb5d6b37ed81b0dd4142ac5d0,e33b9f00674da2998a36504cb3d6b48f363c189f046a5a40a8f1741ac666eea4,48e905a1b61eb70051d9fb7af18d34e13390cb69
061,69,reference,117397,0.267861,b2519129b6aa2e54ec3a53fa23a13b6d42d2f664b7d4bd2fcf6798d184c1bc8a,c43439f6181831c7a262bd30e06cdc40b50b47e220c586028cc59f0deec8d69d,8ec6266bd05aad7431090ce9fe3a8817850f09062da3facea1c27a04ae05d28d,48e905a1b61eb70051d9fb7af18d34e13390cb69
061,69,formatted,117397,0.272668,b2519129b6aa2e54ec3a53fa23a13b6d42d2f664b7d4bd2fcf6798d184c1bc8a,c43439f6181831c7a262bd30e06cdc40b50b47e220c586028cc59f0deec8d69d,d354037a25886960e15833eb74b531f2fd90f8289a9cf1b5a0aa4f0744a12454,48e905a1b61eb70051d9fb7af18d34e13390cb69
061,69,standalone,117397,0.270168,b2519129b6aa2e54ec3a53fa23a13b6d42d2f664b7d4bd2fcf6798d184c1bc8a,c43439f6181831c7a262bd30e06cdc40b50b47e220c586028cc59f0deec8d69d,e33b9f00674da2998a36504cb3d6b48f363c189f046a5a40a8f1741ac666eea4,48e905a1b61eb70051d9fb7af18d34e13390cb69
061,70,reference,146138,0.586664,61d788dc04fb53d76f1ebe1e90d9135c2a2b193465ab507fc506fc3e33237757,8212122776943b0ac6185f4a47c0fdda91704ce2d81531145b2455d9a37e1f42,8ec6266bd05aad7431090ce9fe3a8817850f09062da3facea1c27a04ae05d28d,48e905a1b61eb70051d9fb7af18d34e13390cb69
061,70,formatted,146138,0.586100,61d788dc04fb53d76f1ebe1e90d9135c2a2b193465ab507fc506fc3e33237757,8212122776943b0ac6185f4a47c0fdda91704ce2d81531145b2455d9a37e1f42,d354037a25886960e15833eb74b531f2fd90f8289a9cf1b5a0aa4f0744a12454,48e905a1b61eb70051d9fb7af18d34e13390cb69
061,70,standalone,146138,0.592791,61d788dc04fb53d76f1ebe1e90d9135c2a2b193465ab507fc506fc3e33237757,8212122776943b0ac6185f4a47c0fdda91704ce2d81531145b2455d9a37e1f42,e33b9f00674da2998a36504cb3d6b48f363c189f046a5a40a8f1741ac666eea4,48e905a1b61eb70051d9fb7af18d34e13390cb69
061,71,reference,123578,0.535463,a552f485ddd25c4271adca2c8d2edc12496318c459a96ffe54f0b0d992857012,a6491a2094d5becb691a81d9ddc108d4df27cc768842a452b5ba006391f20017,8ec6266bd05aad7431090ce9fe3a8817850f09062da3facea1c27a04ae05d28d,48e905a1b61eb70051d9fb7af18d34e13390cb69
061,71,formatted,123578,0.522693,a552f485ddd25c4271adca2c8d2edc12496318c459a96ffe54f0b0d992857012,a6491a2094d5becb691a81d9ddc108d4df27cc768842a452b5ba006391f20017,d354037a25886960e15833eb74b531f2fd90f8289a9cf1b5a0aa4f0744a12454,48e905a1b61eb70051d9fb7af18d34e13390cb69
061,71,standalone,123578,0.531883,a552f485ddd25c4271adca2c8d2edc12496318c459a96ffe54f0b0d992857012,a6491a2094d5becb691a81d9ddc108d4df27cc768842a452b5ba006391f20017,e33b9f00674da2998a36504cb3d6b48f363c189f046a5a40a8f1741ac666eea4,48e905a1b61eb70051d9fb7af18d34e13390cb69
061,72,reference,158472,0.246911,070cd52e387e47a7884a7ea47123b4222b8a82bcfbf38a3faa8c02c0fc9f01a9,1d54570cac4016ac10ee75eab5da09e554c25166f075b19c34bc2527e38b0163,8ec6266bd05aad7431090ce9fe3a8817850f09062da3facea1c27a04ae05d28d,48e905a1b61eb70051d9fb7af18d34e13390cb69
061,72,formatted,158472,0.254328,070cd52e387e47a7884a7ea47123b4222b8a82bcfbf38a3faa8c02c0fc9f01a9,1d54570cac4016ac10ee75eab5da09e554c25166f075b19c34bc2527e38b0163,d354037a25886960e15833eb74b531f2fd90f8289a9cf1b5a0aa4f0744a12454,48e905a1b61eb70051d9fb7af18d34e13390cb69
061,72,standalone,158472,0.249442,070cd52e387e47a7884a7ea47123b4222b8a82bcfbf38a3faa8c02c0fc9f01a9,1d54570cac4016ac10ee75eab5da09e554c25166f075b19c34bc2527e38b0163,e33b9f00674da2998a36504cb3d6b48f363c189f046a5a40a8f1741ac666eea4,48e905a1b61eb70051d9fb7af18d34e13390cb69
061,73,reference,113533,0.281460,d3ea084269f271cd4d331768018059a9b7c9ec65dc517d8c2525a8b8a71ec176,9713ff72322a95df0f46b4aa4f934f8abf3bee477d17f3374b6ae8725b3e51f4,8ec6266bd05aad7431090ce9fe3a8817850f09062da3facea1c27a04ae05d28d,48e905a1b61eb70051d9fb7af18d34e13390cb69
061,73,formatted,113533,0.307106,d3ea084269f271cd4d331768018059a9b7c9ec65dc517d8c2525a8b8a71ec176,9713ff72322a95df0f46b4aa4f934f8abf3bee477d17f3374b6ae8725b3e51f4,d354037a25886960e15833eb74b531f2fd90f8289a9cf1b5a0aa4f0744a12454,48e905a1b61eb70051d9fb7af18d34e13390cb69
061,73,standalone,113533,0.302231,d3ea084269f271cd4d331768018059a9b7c9ec65dc517d8c2525a8b8a71ec176,9713ff72322a95df0f46b4aa4f934f8abf3bee477d17f3374b6ae8725b3e51f4,e33b9f00674da2998a36504cb3d6b48f363c189f046a5a40a8f1741ac666eea4,48e905a1b61eb70051d9fb7af18d34e13390cb69
061,74,reference,241002,0.195239,9a2df66a3ad1c0924f7a7735f3c5ed5167cf8ec990d94370b88f4674e08c4f4f,bb14eb70388854dde226e03f5e35cbd86593d5ce50844a4120ae9fcfe0c5d9d2,8ec6266bd05aad7431090ce9fe3a8817850f09062da3facea1c27a04ae05d28d,48e905a1b61eb70051d9fb7af18d34e13390cb69
061,74,formatted,241002,0.195517,9a2df66a3ad1c0924f7a7735f3c5ed5167cf8ec990d94370b88f4674e08c4f4f,bb14eb70388854dde226e03f5e35cbd86593d5ce50844a4120ae9fcfe0c5d9d2,d354037a25886960e15833eb74b531f2fd90f8289a9cf1b5a0aa4f0744a12454,48e905a1b61eb70051d9fb7af18d34e13390cb69
061,74,standalone,241002,0.205205,9a2df66a3ad1c0924f7a7735f3c5ed5167cf8ec990d94370b88f4674e08c4f4f,bb14eb70388854dde226e03f5e35cbd86593d5ce50844a4120ae9fcfe0c5d9d2,e33b9f00674da2998a36504cb3d6b48f363c189f046a5a40a8f1741ac666eea4,48e905a1b61eb70051d9fb7af18d34e13390cb69
061,75,reference,117224,0.466915,3c54540ffcf9f4a20e8f48589ca5d90781a59e8ed927450513678028eae62eaf,4c09f39be225f6275aa62634813b6b329772f64bf6b2bb838330004aa3dff6d1,8ec6266bd05aad7431090ce9fe3a8817850f09062da3facea1c27a04ae05d28d,48e905a1b61eb70051d9fb7af18d34e13390cb69
061,75,formatted,117224,0.448716,3c54540ffcf9f4a20e8f48589ca5d90781a59e8ed927450513678028eae62eaf,4c09f39be225f6275aa62634813b6b329772f64bf6b2bb838330004aa3dff6d1,d354037a25886960e15833eb74b531f2fd90f8289a9cf1b5a0aa4f0744a12454,48e905a1b61eb70051d9fb7af18d34e13390cb69
061,75,standalone,117224,0.475151,3c54540ffcf9f4a20e8f48589ca5d90781a59e8ed927450513678028eae62eaf,4c09f39be225f6275aa62634813b6b329772f64bf6b2bb838330004aa3dff6d1,e33b9f00674da2998a36504cb3d6b48f363c189f046a5a40a8f1741ac666eea4,48e905a1b61eb70051d9fb7af18d34e13390cb69
061,76,reference,195555,0.279068,58b96140465e2926d75fce7dc5801b046c3bc0d2829fe9632a207b183323556c,dc8b9775f2c6012838052728af25fe1b1ae32ed15857cc0f53e5213208d7fa75,8ec6266bd05aad7431090ce9fe3a8817850f09062da3facea1c27a04ae05d28d,48e905a1b61eb70051d9fb7af18d34e13390cb69
061,76,formatted,195555,0.297222,58b96140465e2926d75fce7dc5801b046c3bc0d2829fe9632a207b183323556c,dc8b9775f2c6012838052728af25fe1b1ae32ed15857cc0f53e5213208d7fa75,d354037a25886960e15833eb74b531f2fd90f8289a9cf1b5a0aa4f0744a12454,48e905a1b61eb70051d9fb7af18d34e13390cb69
061,76,standalone,195555,0.278197,58b96140465e2926d75fce7dc5801b046c3bc0d2829fe9632a207b183323556c,dc8b9775f2c6012838052728af25fe1b1ae32ed15857cc0f53e5213208d7fa75,e33b9f00674da2998a36504cb3d6b48f363c189f046a5a40a8f1741ac666eea4,48e905a1b61eb70051d9fb7af18d34e13390cb69
061,77,reference,242761,0.164446,44929650c75abbd7ff3b1733eab8389358713c3971a9016963d384d9bedf2c7e,f5dc9de21c1c295551a8aeb1468c0fd8c3ccda6307896af203b3f5bc5055bf81,8ec6266bd05aad7431090ce9fe3a8817850f09062da3facea1c27a04ae05d28d,48e905a1b61eb70051d9fb7af18d34e13390cb69
061,77,formatted,242761,0.184825,44929650c75abbd7ff3b1733eab8389358713c3971a9016963d384d9bedf2c7e,f5dc9de21c1c295551a8aeb1468c0fd8c3ccda6307896af203b3f5bc5055bf81,d354037a25886960e15833eb74b531f2fd90f8289a9cf1b5a0aa4f0744a12454,48e905a1b61eb70051d9fb7af18d34e13390cb69
061,77,standalone,242761,0.171811,44929650c75abbd7ff3b1733eab8389358713c3971a9016963d384d9bedf2c7e,f5dc9de21c1c295551a8aeb1468c0fd8c3ccda6307896af203b3f5bc5055bf81,e33b9f00674da2998a36504cb3d6b48f363c189f046a5a40a8f1741ac666eea4,48e905a1b61eb70051d9fb7af18d34e13390cb69
061,78,reference,87820,0.257233,6af7744b1b915600f91bc3d93c54e008c3f0db681373ef15bc3668e24350e271,8cac3748cddfdc43ccceed5d4eac70723c05c62d38ad4f1a6ef14f7b14f1c6cb,8ec6266bd05aad7431090ce9fe3a8817850f09062da3facea1c27a04ae05d28d,48e905a1b61eb70051d9fb7af18d34e13390cb69
061,78,formatted,87820,0.275555,6af7744b1b915600f91bc3d93c54e008c3f0db681373ef15bc3668e24350e271,8cac3748cddfdc43ccceed5d4eac70723c05c62d38ad4f1a6ef14f7b14f1c6cb,d354037a25886960e15833eb74b531f2fd90f8289a9cf1b5a0aa4f0744a12454,48e905a1b61eb70051d9fb7af18d34e13390cb69
061,78,standalone,87820,0.265610,6af7744b1b915600f91bc3d93c54e008c3f0db681373ef15bc3668e24350e271,8cac3748cddfdc43ccceed5d4eac70723c05c62d38ad4f1a6ef14f7b14f1c6cb,e33b9f00674da2998a36504cb3d6b48f363c189f046a5a40a8f1741ac666eea4,48e905a1b61eb70051d9fb7af18d34e13390cb69
061,79,reference,225346,0.227836,32268edbc451fee8566213840c8bf1a26c2ff57a24ee00e3e8fd2731d4c7ae68,3bbf8347ed0c05a4e03d96c3186358c4f53e83fd645aa1994694a93f4909f2bf,8ec6266bd05aad7431090ce9fe3a8817850f09062da3facea1c27a04ae05d28d,48e905a1b61eb70051d9fb7af18d34e13390cb69
061,79,formatted,225346,0.230290,32268edbc451fee8566213840c8bf1a26c2ff57a24ee00e3e8fd2731d4c7ae68,3bbf8347ed0c05a4e03d96c3186358c4f53e83fd645aa1994694a93f4909f2bf,d354037a25886960e15833eb74b531f2fd90f8289a9cf1b5a0aa4f0744a12454,48e905a1b61eb70051d9fb7af18d34e13390cb69
061,79,standalone,225346,0.247603,32268edbc451fee8566213840c8bf1a26c2ff57a24ee00e3e8fd2731d4c7ae68,3bbf8347ed0c05a4e03d96c3186358c4f53e83fd645aa1994694a93f4909f2bf,e33b9f00674da2998a36504cb3d6b48f363c189f046a5a40a8f1741ac666eea4,48e905a1b61eb70051d9fb7af18d34e13390cb69
061,80,reference,85183,0.274377,df9970fb42097153d6fbe2c69ae096836f353bce7bd79810eb67d0071ca046c7,911cff51723b6f59bdb62029ba177e9c9f61d017ae6b34ec3e1ed405a51becea,8ec6266bd05aad7431090ce9fe3a8817850f09062da3facea1c27a04ae05d28d,48e905a1b61eb70051d9fb7af18d34e13390cb69
061,80,formatted,85183,0.270259,df9970fb42097153d6fbe2c69ae096836f353bce7bd79810eb67d0071ca046c7,911cff51723b6f59bdb62029ba177e9c9f61d017ae6b34ec3e1ed405a51becea,d354037a25886960e15833eb74b531f2fd90f8289a9cf1b5a0aa4f0744a12454,48e905a1b61eb70051d9fb7af18d34e13390cb69
061,80,standalone,85183,0.271646,df9970fb42097153d6fbe2c69ae096836f353bce7bd79810eb67d0071ca046c7,911cff51723b6f59bdb62029ba177e9c9f61d017ae6b34ec3e1ed405a51becea,e33b9f00674da2998a36504cb3d6b48f363c189f046a5a40a8f1741ac666eea4,48e905a1b61eb70051d9fb7af18d34e13390cb69
061,81,reference,82629,0.308556,aba10ff539107892dcb664c1430806e31f93b6dbe48ad5610bf769d23ddaca17,f917042e4a2173d1502c83045206698d45072d509f832c0f4746e0088ecc3296,8ec6266bd05aad7431090ce9fe3a8817850f09062da3facea1c27a04ae05d28d,48e905a1b61eb70051d9fb7af18d34e13390cb69
061,81,formatted,82629,0.303743,aba10ff539107892dcb664c1430806e31f93b6dbe48ad5610bf769d23ddaca17,f917042e4a2173d1502c83045206698d45072d509f832c0f4746e0088ecc3296,d354037a25886960e15833eb74b531f2fd90f8289a9cf1b5a0aa4f0744a12454,48e905a1b61eb70051d9fb7af18d34e13390cb69
061,81,standalone,82629,0.300984,aba10ff539107892dcb664c1430806e31f93b6dbe48ad5610bf769d23ddaca17,f917042e4a2173d1502c83045206698d45072d509f832c0f4746e0088ecc3296,e33b9f00674da2998a36504cb3d6b48f363c189f046a5a40a8f1741ac666eea4,48e905a1b61eb70051d9fb7af18d34e13390cb69
061,82,reference,100452,0.408803,a8fdcf1321d6b352ce94305eaab487c5d1c87d451940205e1f2867db0f6c9c7a,c1912218041d8f70e4a4b838d1f7695079e4c1cba16a22aaa88833e920be2c3c,8ec6266bd05aad7431090ce9fe3a8817850f09062da3facea1c27a04ae05d28d,48e905a1b61eb70051d9fb7af18d34e13390cb69
061,82,formatted,100452,0.415946,a8fdcf1321d6b352ce94305eaab487c5d1c87d451940205e1f2867db0f6c9c7a,c1912218041d8f70e4a4b838d1f7695079e4c1cba16a22aaa88833e920be2c3c,d354037a25886960e15833eb74b531f2fd90f8289a9cf1b5a0aa4f0744a12454,48e905a1b61eb70051d9fb7af18d34e13390cb69
061,82,standalone,100452,0.406020,a8fdcf1321d6b352ce94305eaab487c5d1c87d451940205e1f2867db0f6c9c7a,c1912218041d8f70e4a4b838d1f7695079e4c1cba16a22aaa88833e920be2c3c,e33b9f00674da2998a36504cb3d6b48f363c189f046a5a40a8f1741ac666eea4,48e905a1b61eb70051d9fb7af18d34e13390cb69
061,83,reference,154991,0.266784,fbb82cb1c7e9069ae9975277cfb11f50e51eb3469e313ff0899c5f54002e3272,2717fd004b2694d21f22263331f1792ae12bed0f442adb26f8a0031794c2fa75,8ec6266bd05aad7431090ce9fe3a8817850f09062da3facea1c27a04ae05d28d,48e905a1b61eb70051d9fb7af18d34e13390cb69
061,83,formatted,154991,0.273824,fbb82cb1c7e9069ae9975277cfb11f50e51eb3469e313ff0899c5f54002e3272,2717fd004b2694d21f22263331f1792ae12bed0f442adb26f8a0031794c2fa75,d354037a25886960e15833eb74b531f2fd90f8289a9cf1b5a0aa4f0744a12454,48e905a1b61eb70051d9fb7af18d34e13390cb69
061,83,standalone,154991,0.280606,fbb82cb1c7e9069ae9975277cfb11f50e51eb3469e313ff0899c5f54002e3272,2717fd004b2694d21f22263331f1792ae12bed0f442adb26f8a0031794c2fa75,e33b9f00674da2998a36504cb3d6b48f363c189f046a5a40a8f1741ac666eea4,48e905a1b61eb70051d9fb7af18d34e13390cb69
061,84,reference,133507,0.408824,f39d6d7062fd8080303c7599e5bd258e930a83883a566e54f5b3c2c658bc3fa0,09375db2125067402f37d6755aa8958c7d39fae961eb6040d0f1fe029bd0c9eb,8ec6266bd05aad7431090ce9fe3a8817850f09062da3facea1c27a04ae05d28d,48e905a1b61eb70051d9fb7af18d34e13390cb69
061,84,formatted,133507,0.383821,f39d6d7062fd8080303c7599e5bd258e930a83883a566e54f5b3c2c658bc3fa0,09375db2125067402f37d6755aa8958c7d39fae961eb6040d0f1fe029bd0c9eb,d354037a25886960e15833eb74b531f2fd90f8289a9cf1b5a0aa4f0744a12454,48e905a1b61eb70051d9fb7af18d34e13390cb69
061,84,standalone,133507,0.395894,f39d6d7062fd8080303c7599e5bd258e930a83883a566e54f5b3c2c658bc3fa0,09375db2125067402f37d6755aa8958c7d39fae961eb6040d0f1fe029bd0c9eb,e33b9f00674da2998a36504cb3d6b48f363c189f046a5a40a8f1741ac666eea4,48e905a1b61eb70051d9fb7af18d34e13390cb69
061,85,reference,242139,0.539676,a5acb600d6da1da151db8984197bfa393e90cd85ba37c7f2dc2b41be29b8b8f8,6ccd0c78186456d9f86ea521b5395f0fb9f9d6a991b5db257b35811ed98a4426,8ec6266bd05aad7431090ce9fe3a8817850f09062da3facea1c27a04ae05d28d,48e905a1b61eb70051d9fb7af18d34e13390cb69
061,85,formatted,242139,0.531850,a5acb600d6da1da151db8984197bfa393e90cd85ba37c7f2dc2b41be29b8b8f8,6ccd0c78186456d9f86ea521b5395f0fb9f9d6a991b5db257b35811ed98a4426,d354037a25886960e15833eb74b531f2fd90f8289a9cf1b5a0aa4f0744a12454,48e905a1b61eb70051d9fb7af18d34e13390cb69
061,85,standalone,242139,0.532206,a5acb600d6da1da151db8984197bfa393e90cd85ba37c7f2dc2b41be29b8b8f8,6ccd0c78186456d9f86ea521b5395f0fb9f9d6a991b5db257b35811ed98a4426,e33b9f00674da2998a36504cb3d6b48f363c189f046a5a40a8f1741ac666eea4,48e905a1b61eb70051d9fb7af18d34e13390cb69
061,86,reference,144365,0.183690,31a00e29141c8382765bcad5aaf154c15ac2435ade7f95cf4887ce62e2b6dcf1,5f6ec99ab78620ac211df1d1e9d0c65bfd9f1bb686e1b5c3ecd77d200d7fe328,8ec6266bd05aad7431090ce9fe3a8817850f09062da3facea1c27a04ae05d28d,48e905a1b61eb70051d9fb7af18d34e13390cb69
061,86,formatted,144365,0.197114,31a00e29141c8382765bcad5aaf154c15ac2435ade7f95cf4887ce62e2b6dcf1,5f6ec99ab78620ac211df1d1e9d0c65bfd9f1bb686e1b5c3ecd77d200d7fe328,d354037a25886960e15833eb74b531f2fd90f8289a9cf1b5a0aa4f0744a12454,48e905a1b61eb70051d9fb7af18d34e13390cb69
061,86,standalone,144365,0.202580,31a00e29141c8382765bcad5aaf154c15ac2435ade7f95cf4887ce62e2b6dcf1,5f6ec99ab78620ac211df1d1e9d0c65bfd9f1bb686e1b5c3ecd77d200d7fe328,e33b9f00674da2998a36504cb3d6b48f363c189f046a5a40a8f1741ac666eea4,48e905a1b61eb70051d9fb7af18d34e13390cb69
061,87,reference,216472,0.330512,f48cf53cec385dc2f433d02c901a3b9bf66ead6c1acb7c04e84e7413552c6184,aab37edf93e414077ec691d24603060291196a84a9fad74550ffe3d2a33895ce,8ec6266bd05aad7431090ce9fe3a8817850f09062da3facea1c27a04ae05d28d,48e905a1b61eb70051d9fb7af18d34e13390cb69
061,87,formatted,216472,0.323818,f48cf53cec385dc2f433d02c901a3b9bf66ead6c1acb7c04e84e7413552c6184,aab37edf93e414077ec691d24603060291196a84a9fad74550ffe3d2a33895ce,d354037a25886960e15833eb74b531f2fd90f8289a9cf1b5a0aa4f0744a12454,48e905a1b61eb70051d9fb7af18d34e13390cb69
061,87,standalone,216472,0.316382,f48cf53cec385dc2f433d02c901a3b9bf66ead6c1acb7c04e84e7413552c6184,aab37edf93e414077ec691d24603060291196a84a9fad74550ffe3d2a33895ce,e33b9f00674da2998a36504cb3d6b48f363c189f046a5a40a8f1741ac666eea4,48e905a1b61eb70051d9fb7af18d34e13390cb69
061,88,reference,226428,0.449172,ba3fb64c49f0ecb418b95d010dfb24699d8be18bf01436f2a2c2e4f59635014b,44af0fb51dc4ecf69ded6d6936b704732f3ef26de08e8480e0b36c1a7303097f,8ec6266bd05aad7431090ce9fe3a8817850f09062da3facea1c27a04ae05d28d,48e905a1b61eb70051d9fb7af18d34e13390cb69
061,88,formatted,226428,0.428645,ba3fb64c49f0ecb418b95d010dfb24699d8be18bf01436f2a2c2e4f59635014b,44af0fb51dc4ecf69ded6d6936b704732f3ef26de08e8480e0b36c1a7303097f,d354037a25886960e15833eb74b531f2fd90f8289a9cf1b5a0aa4f0744a12454,48e905a1b61eb70051d9fb7af18d34e13390cb69
061,88,standalone,226428,0.424622,ba3fb64c49f0ecb418b95d010dfb24699d8be18bf01436f2a2c2e4f59635014b,44af0fb51dc4ecf69ded6d6936b704732f3ef26de08e8480e0b36c1a7303097f,e33b9f00674da2998a36504cb3d6b48f363c189f046a5a40a8f1741ac666eea4,48e905a1b61eb70051d9fb7af18d34e13390cb69
061,89,reference,117263,0.341555,bbe2e762ac886dcfa3eea3c666ff1f26937ab14ec129ec9cc69f22cbdef08dab,94f0a1e194f111caa19da76357d7ae5757e0ebf088d7192ea51cf7f6e3c3bfd1,8ec6266bd05aad7431090ce9fe3a8817850f09062da3facea1c27a04ae05d28d,48e905a1b61eb70051d9fb7af18d34e13390cb69
061,89,formatted,117263,0.353867,bbe2e762ac886dcfa3eea3c666ff1f26937ab14ec129ec9cc69f22cbdef08dab,94f0a1e194f111caa19da76357d7ae5757e0ebf088d7192ea51cf7f6e3c3bfd1,d354037a25886960e15833eb74b531f2fd90f8289a9cf1b5a0aa4f0744a12454,48e905a1b61eb70051d9fb7af18d34e13390cb69
061,89,standalone,117263,0.347022,bbe2e762ac886dcfa3eea3c666ff1f26937ab14ec129ec9cc69f22cbdef08dab,94f0a1e194f111caa19da76357d7ae5757e0ebf088d7192ea51cf7f6e3c3bfd1,e33b9f00674da2998a36504cb3d6b48f363c189f046a5a40a8f1741ac666eea4,48e905a1b61eb70051d9fb7af18d34e13390cb69
061,90,reference,86827,0.407895,d20e9e8ada843b7ec6d959e0b6e4f2ece8cbbd9287f3cb29fb45e1c97b388880,a147102edd9884d3c1db4ca019a79fa0ca867a5ac2873092c14c34fe300ba885,8ec6266bd05aad7431090ce9fe3a8817850f09062da3facea1c27a04ae05d28d,48e905a1b61eb70051d9fb7af18d34e13390cb69
061,90,formatted,86827,0.415928,d20e9e8ada843b7ec6d959e0b6e4f2ece8cbbd9287f3cb29fb45e1c97b388880,a147102edd9884d3c1db4ca019a79fa0ca867a5ac2873092c14c34fe300ba885,d354037a25886960e15833eb74b531f2fd90f8289a9cf1b5a0aa4f0744a12454,48e905a1b61eb70051d9fb7af18d34e13390cb69
061,90,standalone,86827,0.384646,d20e9e8ada843b7ec6d959e0b6e4f2ece8cbbd9287f3cb29fb45e1c97b388880,a147102edd9884d3c1db4ca019a79fa0ca867a5ac2873092c14c34fe300ba885,e33b9f00674da2998a36504cb3d6b48f363c189f046a5a40a8f1741ac666eea4,48e905a1b61eb70051d9fb7af18d34e13390cb69
061,91,reference,78882,0.273196,5e1b9b61546aef45a34936a7daefd846500c0ea4a82f457c798035aea1980b10,6b3fae27f3a119d4b116129fbb98741e2235efdb952a3efe20e060548a87fab4,8ec6266bd05aad7431090ce9fe3a8817850f09062da3facea1c27a04ae05d28d,48e905a1b61eb70051d9fb7af18d34e13390cb69
061,91,formatted,78882,0.275104,5e1b9b61546aef45a34936a7daefd846500c0ea4a82f457c798035aea1980b10,6b3fae27f3a119d4b116129fbb98741e2235efdb952a3efe20e060548a87fab4,d354037a25886960e15833eb74b531f2fd90f8289a9cf1b5a0aa4f0744a12454,48e905a1b61eb70051d9fb7af18d34e13390cb69
061,91,standalone,78882,0.276625,5e1b9b61546aef45a34936a7daefd846500c0ea4a82f457c798035aea1980b10,6b3fae27f3a119d4b116129fbb98741e2235efdb952a3efe20e060548a87fab4,e33b9f00674da2998a36504cb3d6b48f363c189f046a5a40a8f1741ac666eea4,48e905a1b61eb70051d9fb7af18d34e13390cb69
061,92,reference,108194,0.586652,2b574b541af2960cbb51f0405b4a18320f5891af68a06133edb3f7a5a9fe9e2f,762cc0fd9672f052de89bdf7b91bb62829e7bb604410f009076abaf74c7a2f8e,8ec6266bd05aad7431090ce9fe3a8817850f09062da3facea1c27a04ae05d28d,48e905a1b61eb70051d9fb7af18d34e13390cb69
061,92,formatted,108194,0.556698,2b574b541af2960cbb51f0405b4a18320f5891af68a06133edb3f7a5a9fe9e2f,762cc0fd9672f052de89bdf7b91bb62829e7bb604410f009076abaf74c7a2f8e,d354037a25886960e15833eb74b531f2fd90f8289a9cf1b5a0aa4f0744a12454,48e905a1b61eb70051d9fb7af18d34e13390cb69
061,92,standalone,108194,0.567421,2b574b541af2960cbb51f0405b4a18320f5891af68a06133edb3f7a5a9fe9e2f,762cc0fd9672f052de89bdf7b91bb62829e7bb604410f009076abaf74c7a2f8e,e33b9f00674da2998a36504cb3d6b48f363c189f046a5a40a8f1741ac666eea4,48e905a1b61eb70051d9fb7af18d34e13390cb69
061,93,reference,298758,0.163994,8406caee0f2b4cdb4ed44037315bc77e118116181840eea54a8dc9dc9ad1f7f5,eebe7d2fda45b8b5c41c87db2d43d783c429c07d3d591dc80d5d431b3a1dfdaf,8ec6266bd05aad7431090ce9fe3a8817850f09062da3facea1c27a04ae05d28d,48e905a1b61eb70051d9fb7af18d34e13390cb69
061,93,formatted,298758,0.163721,8406caee0f2b4cdb4ed44037315bc77e118116181840eea54a8dc9dc9ad1f7f5,eebe7d2fda45b8b5c41c87db2d43d783c429c07d3d591dc80d5d431b3a1dfdaf,d354037a25886960e15833eb74b531f2fd90f8289a9cf1b5a0aa4f0744a12454,48e905a1b61eb70051d9fb7af18d34e13390cb69
061,93,standalone,298758,0.171910,8406caee0f2b4cdb4ed44037315bc77e118116181840eea54a8dc9dc9ad1f7f5,eebe7d2fda45b8b5c41c87db2d43d783c429c07d3d591dc80d5d431b3a1dfdaf,e33b9f00674da2998a36504cb3d6b48f363c189f046a5a40a8f1741ac666eea4,48e905a1b61eb70051d9fb7af18d34e13390cb69
061,94,reference,197848,0.466664,4071bff2cc38abcf89c39f56d866a3fb2b553c63dc05d55632f95784b1b9482e,fbf29a41ae4beac351993d2926de036a6d22bd3c060a2337708558631dc59fc9,8ec6266bd05aad7431090ce9fe3a8817850f09062da3facea1c27a04ae05d28d,48e905a1b61eb70051d9fb7af18d34e13390cb69
061,94,formatted,197848,0.438103,4071bff2cc38abcf89c39f56d866a3fb2b553c63dc05d55632f95784b1b9482e,fbf29a41ae4beac351993d2926de036a6d22bd3c060a2337708558631dc59fc9,d354037a25886960e15833eb74b531f2fd90f8289a9cf1b5a0aa4f0744a12454,48e905a1b61eb70051d9fb7af18d34e13390cb69
061,94,standalone,197848,0.452755,4071bff2cc38abcf89c39f56d866a3fb2b553c63dc05d55632f95784b1b9482e,fbf29a41ae4beac351993d2926de036a6d22bd3c060a2337708558631dc59fc9,e33b9f00674da2998a36504cb3d6b48f363c189f046a5a40a8f1741ac666eea4,48e905a1b61eb70051d9fb7af18d34e13390cb69
061,95,reference,163934,0.353003,b3e27c0b2cc38545264e8174dedd59b77578430f9fd17d8d4eb1e7358196f49c,9dc85daccaeb6fd68ac12a4e077f03747f244b59b65f08ca000903d75da55d3f,8ec6266bd05aad7431090ce9fe3a8817850f09062da3facea1c27a04ae05d28d,48e905a1b61eb70051d9fb7af18d34e13390cb69
061,95,formatted,163934,0.333903,b3e27c0b2cc38545264e8174dedd59b77578430f9fd17d8d4eb1e7358196f49c,9dc85daccaeb6fd68ac12a4e077f03747f244b59b65f08ca000903d75da55d3f,d354037a25886960e15833eb74b531f2fd90f8289a9cf1b5a0aa4f0744a12454,48e905a1b61eb70051d9fb7af18d34e13390cb69
061,95,standalone,163934,0.345807,b3e27c0b2cc38545264e8174dedd59b77578430f9fd17d8d4eb1e7358196f49c,9dc85daccaeb6fd68ac12a4e077f03747f244b59b65f08ca000903d75da55d3f,e33b9f00674da2998a36504cb3d6b48f363c189f046a5a40a8f1741ac666eea4,48e905a1b61eb70051d9fb7af18d34e13390cb69
061,96,reference,322285,0.140786,15701c3cb80ead6541c0c9978d4c415c91f0b0c88025c55a4e3e11a76b45a1f8,59d392c6468a14bda576dda9cc8c706ce0126a53735d205d9cf387c968f5aca8,8ec6266bd05aad7431090ce9fe3a8817850f09062da3facea1c27a04ae05d28d,48e905a1b61eb70051d9fb7af18d34e13390cb69
061,96,formatted,322285,0.127820,15701c3cb80ead6541c0c9978d4c415c91f0b0c88025c55a4e3e11a76b45a1f8,59d392c6468a14bda576dda9cc8c706ce0126a53735d205d9cf387c968f5aca8,d354037a25886960e15833eb74b531f2fd90f8289a9cf1b5a0aa4f0744a12454,48e905a1b61eb70051d9fb7af18d34e13390cb69
061,96,standalone,322285,0.126739,15701c3cb80ead6541c0c9978d4c415c91f0b0c88025c55a4e3e11a76b45a1f8,59d392c6468a14bda576dda9cc8c706ce0126a53735d205d9cf387c968f5aca8,e33b9f00674da2998a36504cb3d6b48f363c189f046a5a40a8f1741ac666eea4,48e905a1b61eb70051d9fb7af18d34e13390cb69
061,97,reference,101707,0.489361,ba8ae18bc0157915645aab40725be6a64dfa790c280a585c51a1bc53dc8acdb3,38960f432cbfe99498b730c1249e10c4a1d82553cbd3e9e6ff413885b16336cc,8ec6266bd05aad7431090ce9fe3a8817850f09062da3facea1c27a04ae05d28d,48e905a1b61eb70051d9fb7af18d34e13390cb69
061,97,formatted,101707,0.507511,ba8ae18bc0157915645aab40725be6a64dfa790c280a585c51a1bc53dc8acdb3,38960f432cbfe99498b730c1249e10c4a1d82553cbd3e9e6ff413885b16336cc,d354037a25886960e15833eb74b531f2fd90f8289a9cf1b5a0aa4f0744a12454,48e905a1b61eb70051d9fb7af18d34e13390cb69
061,97,standalone,101707,0.496429,ba8ae18bc0157915645aab40725be6a64dfa790c280a585c51a1bc53dc8acdb3,38960f432cbfe99498b730c1249e10c4a1d82553cbd3e9e6ff413885b16336cc,e33b9f00674da2998a36504cb3d6b48f363c189f046a5a40a8f1741ac666eea4,48e905a1b61eb70051d9fb7af18d34e13390cb69
061,98,reference,143195,0.322327,5c8f21cd0df5830cddab52783071f0252829ae315c35ed9a8d02d6083c8e875f,61ab06414f7a7371c1e4022f7a6c809850d015bd6feb3d62fc55af62d80a1fdf,8ec6266bd05aad7431090ce9fe3a8817850f09062da3facea1c27a04ae05d28d,48e905a1b61eb70051d9fb7af18d34e13390cb69
061,98,formatted,143195,0.344081,5c8f21cd0df5830cddab52783071f0252829ae315c35ed9a8d02d6083c8e875f,61ab06414f7a7371c1e4022f7a6c809850d015bd6feb3d62fc55af62d80a1fdf,d354037a25886960e15833eb74b531f2fd90f8289a9cf1b5a0aa4f0744a12454,48e905a1b61eb70051d9fb7af18d34e13390cb69
061,98,standalone,143195,0.346209,5c8f21cd0df5830cddab52783071f0252829ae315c35ed9a8d02d6083c8e875f,61ab06414f7a7371c1e4022f7a6c809850d015bd6feb3d62fc55af62d80a1fdf,e33b9f00674da2998a36504cb3d6b48f363c189f046a5a40a8f1741ac666eea4,48e905a1b61eb70051d9fb7af18d34e13390cb69
061,99,reference,88352,0.374034,4fe940188f2312c2b9e43280a110bb88a2b51938f2983d82603f971b7b3efabb,f4e3f36376ca57054f35e2a4c5418f14f88c5e664a7a46eacfd9287b36aaaf7d,8ec6266bd05aad7431090ce9fe3a8817850f09062da3facea1c27a04ae05d28d,48e905a1b61eb70051d9fb7af18d34e13390cb69
061,99,formatted,88352,0.331126,4fe940188f2312c2b9e43280a110bb88a2b51938f2983d82603f971b7b3efabb,f4e3f36376ca57054f35e2a4c5418f14f88c5e664a7a46eacfd9287b36aaaf7d,d354037a25886960e15833eb74b531f2fd90f8289a9cf1b5a0aa4f0744a12454,48e905a1b61eb70051d9fb7af18d34e13390cb69
061,99,standalone,88352,0.334553,4fe940188f2312c2b9e43280a110bb88a2b51938f2983d82603f971b7b3efabb,f4e3f36376ca57054f35e2a4c5418f14f88c5e664a7a46eacfd9287b36aaaf7d,e33b9f00674da2998a36504cb3d6b48f363c189f046a5a40a8f1741ac666eea4,48e905a1b61eb70051d9fb7af18d34e13390cb69
