task,seed,repeat,version,score,moves,seconds,legal,over_2s,diagnostic,error,iterations,accepted,pruned,input_sha256,output_sha256,source_sha256,reference_commit,tool_sha256,compiler,flags
059,40,0,rrt2,15321,1079,1.8671391830139328,1,0,0,,48010,3311,37769,36a980888bf1cf857758bd8b9782547ee3bbbf758ce7e511c9c6cf2cfed6cf03,cadf3fa63453bf1b5582c904b69532c297e9dd705b6bcabb64395a9b55aa6a22,7f27911c51087dc54b7f2fcb294fe7883cc7797c39f0d3c7e0330a2550c41ae6,8b79c5c30b5447a511bebeb2d55164bda8362887,bafe215694f111c4131022aa2d981aff913e142a619086dc9b0c83a25faef8af,g++ (Ubuntu 13.3.0-6ubuntu2~24.04.1) 13.3.0,-std=c++17 -O2 -DNDEBUG -Wall -Wextra
059,40,0,sa,15336,1064,1.8677702900022268,1,0,0,,46714,10909,27461,36a980888bf1cf857758bd8b9782547ee3bbbf758ce7e511c9c6cf2cfed6cf03,ac797e4bb25e37ffedbace691bfe6a8fed2c63e4879da6879972ca8c1edf4b20,aa36408ee208ac4dce62fb58971bbd4309feae1e018a974771df633e347ea299,8b79c5c30b5447a511bebeb2d55164bda8362887,bafe215694f111c4131022aa2d981aff913e142a619086dc9b0c83a25faef8af,g++ (Ubuntu 13.3.0-6ubuntu2~24.04.1) 13.3.0,-std=c++17 -O2 -DNDEBUG -Wall -Wextra
059,40,0,legacy,15181,1219,1.8673824110010173,1,0,0,,,,,36a980888bf1cf857758bd8b9782547ee3bbbf758ce7e511c9c6cf2cfed6cf03,ae86a6db6cfdcae644cafb45f1fe45dbf69175eb446b219c1fffdb779f071d55,b06e202dd922660ac6fa39e8d91a0d3c31047c2b202e63d160466ce654fa3b3f,8b79c5c30b5447a511bebeb2d55164bda8362887,bafe215694f111c4131022aa2d981aff913e142a619086dc9b0c83a25faef8af,g++ (Ubuntu 13.3.0-6ubuntu2~24.04.1) 13.3.0,-std=c++17 -O2 -DNDEBUG -Wall -Wextra
059,41,0,sa,15341,1059,1.8670831759809516,1,0,0,,44971,11803,24489,69744664927e00c3d83a3781b5cb189373a0771607039699ac26e981119e40ee,062b0260ef4d5dd685b059bff71ba3515640009efc6e8cae298a63921ec71bc7,aa36408ee208ac4dce62fb58971bbd4309feae1e018a974771df633e347ea299,8b79c5c30b5447a511bebeb2d55164bda8362887,bafe215694f111c4131022aa2d981aff913e142a619086dc9b0c83a25faef8af,g++ (Ubuntu 13.3.0-6ubuntu2~24.04.1) 13.3.0,-std=c++17 -O2 -DNDEBUG -Wall -Wextra
059,41,0,legacy,15185,1215,1.8676441959978547,1,0,0,,,,,69744664927e00c3d83a3781b5cb189373a0771607039699ac26e981119e40ee,912d220a1d09a59fbe0f1795f7283c9fef75f01f1a43a6f1d8876949c4bc8604,b06e202dd922660ac6fa39e8d91a0d3c31047c2b202e63d160466ce654fa3b3f,8b79c5c30b5447a511bebeb2d55164bda8362887,bafe215694f111c4131022aa2d981aff913e142a619086dc9b0c83a25faef8af,g++ (Ubuntu 13.3.0-6ubuntu2~24.04.1) 13.3.0,-std=c++17 -O2 -DNDEBUG -Wall -Wextra
059,41,0,rrt2,15342,1058,1.8673187300155405,1,0,0,,45093,5308,31038,69744664927e00c3d83a3781b5cb189373a0771607039699ac26e981119e40ee,5c05be95a2ead2503a2e63afa0c40a0717a421c97c303d68c635b22db290d93c,7f27911c51087dc54b7f2fcb294fe7883cc7797c39f0d3c7e0330a2550c41ae6,8b79c5c30b5447a511bebeb2d55164bda8362887,bafe215694f111c4131022aa2d981aff913e142a619086dc9b0c83a25faef8af,g++ (Ubuntu 13.3.0-6ubuntu2~24.04.1) 13.3.0,-std=c++17 -O2 -DNDEBUG -Wall -Wextra
059,42,0,legacy,15252,1148,1.8676490939978976,1,0,0,,,,,4bc36bc079b94c04d802c8b818bfb1f39db539792524aa255a26d724dabc7cb8,76146dfa93da125dc8c89475d3245b244af82af3891f79ac539dea9840aad9ad,b06e202dd922660ac6fa39e8d91a0d3c31047c2b202e63d160466ce654fa3b3f,8b79c5c30b5447a511bebeb2d55164bda8362887,bafe215694f111c4131022aa2d981aff913e142a619086dc9b0c83a25faef8af,g++ (Ubuntu 13.3.0-6ubuntu2~24.04.1) 13.3.0,-std=c++17 -O2 -DNDEBUG -Wall -Wextra
059,42,0,rrt2,15371,1029,1.8677523089863826,1,0,0,,48236,4928,35537,4bc36bc079b94c04d802c8b818bfb1f39db539792524aa255a26d724dabc7cb8,a3268e25e1ded04a43e0b0b007037b95d7cb7fdab9b8b5822c14dac0d45f0dbb,7f27911c51087dc54b7f2fcb294fe7883cc7797c39f0d3c7e0330a2550c41ae6,8b79c5c30b5447a511bebeb2d55164bda8362887,bafe215694f111c4131022aa2d981aff913e142a619086dc9b0c83a25faef8af,g++ (Ubuntu 13.3.0-6ubuntu2~24.04.1) 13.3.0,-std=c++17 -O2 -DNDEBUG -Wall -Wextra
059,42,0,sa,15372,1028,1.8673880090063903,1,0,0,,45857,13506,23160,4bc36bc079b94c04d802c8b818bfb1f39db539792524aa255a26d724dabc7cb8,1a6f481e719eac4e704e30b42a54c04be673551872fbdeefe6ad89c8f71a105d,aa36408ee208ac4dce62fb58971bbd4309feae1e018a974771df633e347ea299,8b79c5c30b5447a511bebeb2d55164bda8362887,bafe215694f111c4131022aa2d981aff913e142a619086dc9b0c83a25faef8af,g++ (Ubuntu 13.3.0-6ubuntu2~24.04.1) 13.3.0,-std=c++17 -O2 -DNDEBUG -Wall -Wextra
059,43,0,rrt2,15347,1053,1.8673139240127057,1,0,0,,48406,4178,35913,ccd022352a489bd950cf01cf0f5d2f251664e86880b3900422b463d779b22a96,6c59e94a324e05318cddde29e4f466c6e07273a62403567e078311aec3990d4f,7f27911c51087dc54b7f2fcb294fe7883cc7797c39f0d3c7e0330a2550c41ae6,8b79c5c30b5447a511bebeb2d55164bda8362887,bafe215694f111c4131022aa2d981aff913e142a619086dc9b0c83a25faef8af,g++ (Ubuntu 13.3.0-6ubuntu2~24.04.1) 13.3.0,-std=c++17 -O2 -DNDEBUG -Wall -Wextra
059,43,0,sa,15357,1043,1.8672960079857148,1,0,0,,45612,12274,24262,ccd022352a489bd950cf01cf0f5d2f251664e86880b3900422b463d779b22a96,0edca5526d4998cd516a75d2b8912ba6df9be6f59e837d5e1116e4d3047d6bee,aa36408ee208ac4dce62fb58971bbd4309feae1e018a974771df633e347ea299,8b79c5c30b5447a511bebeb2d55164bda8362887,bafe215694f111c4131022aa2d981aff913e142a619086dc9b0c83a25faef8af,g++ (Ubuntu 13.3.0-6ubuntu2~24.04.1) 13.3.0,-std=c++17 -O2 -DNDEBUG -Wall -Wextra
059,43,0,legacy,15171,1229,1.8673503939935472,1,0,0,,,,,ccd022352a489bd950cf01cf0f5d2f251664e86880b3900422b463d779b22a96,fb95b0643e944c0ffc81c5496ae5e3e6afccfa1795ffd0bdac813fde4f32dc82,b06e202dd922660ac6fa39e8d91a0d3c31047c2b202e63d160466ce654fa3b3f,8b79c5c30b5447a511bebeb2d55164bda8362887,bafe215694f111c4131022aa2d981aff913e142a619086dc9b0c83a25faef8af,g++ (Ubuntu 13.3.0-6ubuntu2~24.04.1) 13.3.0,-std=c++17 -O2 -DNDEBUG -Wall -Wextra
059,44,0,sa,15350,1050,1.867656257993076,1,0,0,,45135,11658,24616,251825c9cabb464a4317790c8e0efbb8600f8dd49c2288eaf9ef644f209ca188,35c239267592b37c58b1b1bab109dda58b2f9dcfb94e10ef52f0ffd86d4361e9,aa36408ee208ac4dce62fb58971bbd4309feae1e018a974771df633e347ea299,8b79c5c30b5447a511bebeb2d55164bda8362887,bafe215694f111c4131022aa2d981aff913e142a619086dc9b0c83a25faef8af,g++ (Ubuntu 13.3.0-6ubuntu2~24.04.1) 13.3.0,-std=c++17 -O2 -DNDEBUG -Wall -Wextra
059,44,0,legacy,15191,1209,1.8674106929975096,1,0,0,,,,,251825c9cabb464a4317790c8e0efbb8600f8dd49c2288eaf9ef644f209ca188,1b3ad975b1b4bd700f1da8f767cced701a1fb7c566404a0ac508e028099ed601,b06e202dd922660ac6fa39e8d91a0d3c31047c2b202e63d160466ce654fa3b3f,8b79c5c30b5447a511bebeb2d55164bda8362887,bafe215694f111c4131022aa2d981aff913e142a619086dc9b0c83a25faef8af,g++ (Ubuntu 13.3.0-6ubuntu2~24.04.1) 13.3.0,-std=c++17 -O2 -DNDEBUG -Wall -Wextra
059,44,0,rrt2,15336,1064,1.8677841830067337,1,0,0,,48289,3491,37104,251825c9cabb464a4317790c8e0efbb8600f8dd49c2288eaf9ef644f209ca188,3c3ec8560bc2532543a8b273ead1866aa5df79a1aa5892299c75185eb779da77,7f27911c51087dc54b7f2fcb294fe7883cc7797c39f0d3c7e0330a2550c41ae6,8b79c5c30b5447a511bebeb2d55164bda8362887,bafe215694f111c4131022aa2d981aff913e142a619086dc9b0c83a25faef8af,g++ (Ubuntu 13.3.0-6ubuntu2~24.04.1) 13.3.0,-std=c++17 -O2 -DNDEBUG -Wall -Wextra
059,45,0,legacy,15178,1222,1.8673935460101347,1,0,0,,,,,5e6447447e8386b189881a66756b28f8db74434ff89ec908793c035e7a697c4b,e967cbfa96fbccb0a02593dd3064994b2d63d45c9ac4ce793d63e8b63cab60ee,b06e202dd922660ac6fa39e8d91a0d3c31047c2b202e63d160466ce654fa3b3f,8b79c5c30b5447a511bebeb2d55164bda8362887,bafe215694f111c4131022aa2d981aff913e142a619086dc9b0c83a25faef8af,g++ (Ubuntu 13.3.0-6ubuntu2~24.04.1) 13.3.0,-std=c++17 -O2 -DNDEBUG -Wall -Wextra
059,45,0,rrt2,15310,1090,1.866915999999037,1,0,0,,47545,5632,34829,5e6447447e8386b189881a66756b28f8db74434ff89ec908793c035e7a697c4b,0bd51b701f164de043082db7f6b5c2e4f7ad503293daac32199dc6f00aee5dd3,7f27911c51087dc54b7f2fcb294fe7883cc7797c39f0d3c7e0330a2550c41ae6,8b79c5c30b5447a511bebeb2d55164bda8362887,bafe215694f111c4131022aa2d981aff913e142a619086dc9b0c83a25faef8af,g++ (Ubuntu 13.3.0-6ubuntu2~24.04.1) 13.3.0,-std=c++17 -O2 -DNDEBUG -Wall -Wextra
059,45,0,sa,15318,1082,1.8675998099788558,1,0,0,,45110,11761,24747,5e6447447e8386b189881a66756b28f8db74434ff89ec908793c035e7a697c4b,2bb4e93076f291eefada10a5821fbfb73c3b75827b69e1b5f760fdb3d5f58d15,aa36408ee208ac4dce62fb58971bbd4309feae1e018a974771df633e347ea299,8b79c5c30b5447a511bebeb2d55164bda8362887,bafe215694f111c4131022aa2d981aff913e142a619086dc9b0c83a25faef8af,g++ (Ubuntu 13.3.0-6ubuntu2~24.04.1) 13.3.0,-std=c++17 -O2 -DNDEBUG -Wall -Wextra
059,46,0,rrt2,15363,1037,1.8674782259913627,1,0,0,,47740,5212,34216,c015712a14ca990d9d2abcbf485ccb05db1183cef294e6da98952fb71742e5cc,998efaeec10b6279863dfff9e2e551586f685bf9a12dd0b5f387af67f5b9dde2,7f27911c51087dc54b7f2fcb294fe7883cc7797c39f0d3c7e0330a2550c41ae6,8b79c5c30b5447a511bebeb2d55164bda8362887,bafe215694f111c4131022aa2d981aff913e142a619086dc9b0c83a25faef8af,g++ (Ubuntu 13.3.0-6ubuntu2~24.04.1) 13.3.0,-std=c++17 -O2 -DNDEBUG -Wall -Wextra
059,46,0,sa,15366,1034,1.8672415780019946,1,0,0,,46374,11902,25830,c015712a14ca990d9d2abcbf485ccb05db1183cef294e6da98952fb71742e5cc,19f1ce95191ef84ea332f98c1c6f2b925c77575cfd8f214d0ac26ca9f6b84371,aa36408ee208ac4dce62fb58971bbd4309feae1e018a974771df633e347ea299,8b79c5c30b5447a511bebeb2d55164bda8362887,bafe215694f111c4131022aa2d981aff913e142a619086dc9b0c83a25faef8af,g++ (Ubuntu 13.3.0-6ubuntu2~24.04.1) 13.3.0,-std=c++17 -O2 -DNDEBUG -Wall -Wextra
059,46,0,legacy,15222,1178,1.8674070870038122,1,0,0,,,,,c015712a14ca990d9d2abcbf485ccb05db1183cef294e6da98952fb71742e5cc,153b5994bc51a936b52cc406590778ddcaaad40c07df95bdc2af85af7a281c0e,b06e202dd922660ac6fa39e8d91a0d3c31047c2b202e63d160466ce654fa3b3f,8b79c5c30b5447a511bebeb2d55164bda8362887,bafe215694f111c4131022aa2d981aff913e142a619086dc9b0c83a25faef8af,g++ (Ubuntu 13.3.0-6ubuntu2~24.04.1) 13.3.0,-std=c++17 -O2 -DNDEBUG -Wall -Wextra
059,47,0,sa,15363,1037,1.8673322749964427,1,0,0,,44875,11773,24494,d5da154f53261afb8d5727f3a1e2b6d02603d14805cc91e017463667802c1320,e4d82822c377992e02971811f91921e18758d3c36f780dc58a90d20a53e46ed0,aa36408ee208ac4dce62fb58971bbd4309feae1e018a974771df633e347ea299,8b79c5c30b5447a511bebeb2d55164bda8362887,bafe215694f111c4131022aa2d981aff913e142a619086dc9b0c83a25faef8af,g++ (Ubuntu 13.3.0-6ubuntu2~24.04.1) 13.3.0,-std=c++17 -O2 -DNDEBUG -Wall -Wextra
059,47,0,legacy,15176,1224,1.8674218980013393,1,0,0,,,,,d5da154f53261afb8d5727f3a1e2b6d02603d14805cc91e017463667802c1320,3b8694960eb66e2585821a7949e5ba2c9b32b039be0d159276c8634ce1570bf7,b06e202dd922660ac6fa39e8d91a0d3c31047c2b202e63d160466ce654fa3b3f,8b79c5c30b5447a511bebeb2d55164bda8362887,bafe215694f111c4131022aa2d981aff913e142a619086dc9b0c83a25faef8af,g++ (Ubuntu 13.3.0-6ubuntu2~24.04.1) 13.3.0,-std=c++17 -O2 -DNDEBUG -Wall -Wextra
059,47,0,rrt2,15366,1034,1.86737751000328,1,0,0,,47200,4155,34931,d5da154f53261afb8d5727f3a1e2b6d02603d14805cc91e017463667802c1320,f69b2438b7b81eaa6ea92c3fceaf426bad4e0079eb7bf2b80f560dedfc2ddbcc,7f27911c51087dc54b7f2fcb294fe7883cc7797c39f0d3c7e0330a2550c41ae6,8b79c5c30b5447a511bebeb2d55164bda8362887,bafe215694f111c4131022aa2d981aff913e142a619086dc9b0c83a25faef8af,g++ (Ubuntu 13.3.0-6ubuntu2~24.04.1) 13.3.0,-std=c++17 -O2 -DNDEBUG -Wall -Wextra
059,48,0,legacy,15151,1249,1.8676007089961786,1,0,0,,,,,72d8a298fe1f7d5e3db4bb118c4a72d9ed66101493c64539606a449f45c860c7,ead694e57e72cee9fa69e59e12a6e8fdedce9d1277c069e165ed5edba0d9b558,b06e202dd922660ac6fa39e8d91a0d3c31047c2b202e63d160466ce654fa3b3f,8b79c5c30b5447a511bebeb2d55164bda8362887,bafe215694f111c4131022aa2d981aff913e142a619086dc9b0c83a25faef8af,g++ (Ubuntu 13.3.0-6ubuntu2~24.04.1) 13.3.0,-std=c++17 -O2 -DNDEBUG -Wall -Wextra
059,48,0,rrt2,15329,1071,1.8673438139958307,1,0,0,,48134,3825,36625,72d8a298fe1f7d5e3db4bb118c4a72d9ed66101493c64539606a449f45c860c7,a1b4b8716fe95bf80cc81aab7bf428edbd4dc68a440b78738a1a0266c020b50c,7f27911c51087dc54b7f2fcb294fe7883cc7797c39f0d3c7e0330a2550c41ae6,8b79c5c30b5447a511bebeb2d55164bda8362887,bafe215694f111c4131022aa2d981aff913e142a619086dc9b0c83a25faef8af,g++ (Ubuntu 13.3.0-6ubuntu2~24.04.1) 13.3.0,-std=c++17 -O2 -DNDEBUG -Wall -Wextra
059,48,0,sa,15329,1071,1.8673893309896812,1,0,0,,46993,11364,27619,72d8a298fe1f7d5e3db4bb118c4a72d9ed66101493c64539606a449f45c860c7,06cacac43d0a472cee01c350efa32fc271b0605274bd3bdb82ff20d61a32faa5,aa36408ee208ac4dce62fb58971bbd4309feae1e018a974771df633e347ea299,8b79c5c30b5447a511bebeb2d55164bda8362887,bafe215694f111c4131022aa2d981aff913e142a619086dc9b0c83a25faef8af,g++ (Ubuntu 13.3.0-6ubuntu2~24.04.1) 13.3.0,-std=c++17 -O2 -DNDEBUG -Wall -Wextra
059,49,0,rrt2,15334,1066,1.8674794689868577,1,0,0,,48776,4158,35618,2c63b9f909d9ba885e65aaf4fe851d91328cdd10916f3f3b81249e82ec790b05,71d69b34417ae81030e5e200aeebb07bde3795068d32be1ffef52bcdf73c6873,7f27911c51087dc54b7f2fcb294fe7883cc7797c39f0d3c7e0330a2550c41ae6,8b79c5c30b5447a511bebeb2d55164bda8362887,bafe215694f111c4131022aa2d981aff913e142a619086dc9b0c83a25faef8af,g++ (Ubuntu 13.3.0-6ubuntu2~24.04.1) 13.3.0,-std=c++17 -O2 -DNDEBUG -Wall -Wextra
059,49,0,sa,15349,1051,1.8674748330086004,1,0,0,,46827,12356,25788,2c63b9f909d9ba885e65aaf4fe851d91328cdd10916f3f3b81249e82ec790b05,59fc56d6b837ccbbdfea5d9fcd6e393e32c79d80df080676083579a39e25d712,aa36408ee208ac4dce62fb58971bbd4309feae1e018a974771df633e347ea299,8b79c5c30b5447a511bebeb2d55164bda8362887,bafe215694f111c4131022aa2d981aff913e142a619086dc9b0c83a25faef8af,g++ (Ubuntu 13.3.0-6ubuntu2~24.04.1) 13.3.0,-std=c++17 -O2 -DNDEBUG -Wall -Wextra
059,49,0,legacy,15208,1192,1.867310114990687,1,0,0,,,,,2c63b9f909d9ba885e65aaf4fe851d91328cdd10916f3f3b81249e82ec790b05,35a67459c98d744a9bc903dcbaba7dbde61c2d4f93135f0c970d7b4e28d3800c,b06e202dd922660ac6fa39e8d91a0d3c31047c2b202e63d160466ce654fa3b3f,8b79c5c30b5447a511bebeb2d55164bda8362887,bafe215694f111c4131022aa2d981aff913e142a619086dc9b0c83a25faef8af,g++ (Ubuntu 13.3.0-6ubuntu2~24.04.1) 13.3.0,-std=c++17 -O2 -DNDEBUG -Wall -Wextra
059,50,0,sa,15342,1058,1.8680088019755203,1,0,0,,45907,11240,25465,0e535c6083a018b49cb27617a1468bad1f5aaa68afccfb1e0f67b3c0dd223683,44e21b6529adb931bc135918fe33b73ac1ec61d967cfca5b0e18704f4ec16fc3,aa36408ee208ac4dce62fb58971bbd4309feae1e018a974771df633e347ea299,8b79c5c30b5447a511bebeb2d55164bda8362887,bafe215694f111c4131022aa2d981aff913e142a619086dc9b0c83a25faef8af,g++ (Ubuntu 13.3.0-6ubuntu2~24.04.1) 13.3.0,-std=c++17 -O2 -DNDEBUG -Wall -Wextra
059,50,0,legacy,15184,1216,1.8677193429903127,1,0,0,,,,,0e535c6083a018b49cb27617a1468bad1f5aaa68afccfb1e0f67b3c0dd223683,80b61362e81e8295eb1f4a7e728d269e53e4436c2c6f56c4f992a8becc562b33,b06e202dd922660ac6fa39e8d91a0d3c31047c2b202e63d160466ce654fa3b3f,8b79c5c30b5447a511bebeb2d55164bda8362887,bafe215694f111c4131022aa2d981aff913e142a619086dc9b0c83a25faef8af,g++ (Ubuntu 13.3.0-6ubuntu2~24.04.1) 13.3.0,-std=c++17 -O2 -DNDEBUG -Wall -Wextra
059,50,0,rrt2,15335,1065,1.8674466579977889,1,0,0,,47263,4661,33350,0e535c6083a018b49cb27617a1468bad1f5aaa68afccfb1e0f67b3c0dd223683,6239fd0b8cf0070972787d8e86ba5214ae2c013d3c0b5838f8aa00c982fdc18b,7f27911c51087dc54b7f2fcb294fe7883cc7797c39f0d3c7e0330a2550c41ae6,8b79c5c30b5447a511bebeb2d55164bda8362887,bafe215694f111c4131022aa2d981aff913e142a619086dc9b0c83a25faef8af,g++ (Ubuntu 13.3.0-6ubuntu2~24.04.1) 13.3.0,-std=c++17 -O2 -DNDEBUG -Wall -Wextra
059,51,0,legacy,15222,1178,1.8672944760182872,1,0,0,,,,,c6ed536bb0820e65bc4b0e13015aac69e664df516461a1cab6a02ff3d8f3e81f,598eddd2fb01ff4c557def100ce5fef54c8ed3fc5bea65db45b229f175168d39,b06e202dd922660ac6fa39e8d91a0d3c31047c2b202e63d160466ce654fa3b3f,8b79c5c30b5447a511bebeb2d55164bda8362887,bafe215694f111c4131022aa2d981aff913e142a619086dc9b0c83a25faef8af,g++ (Ubuntu 13.3.0-6ubuntu2~24.04.1) 13.3.0,-std=c++17 -O2 -DNDEBUG -Wall -Wextra
059,51,0,rrt2,15373,1027,1.867539900005795,1,0,0,,47908,4912,34142,c6ed536bb0820e65bc4b0e13015aac69e664df516461a1cab6a02ff3d8f3e81f,3f036bef8d784285315d6648135e7d7c935e147dfb1f7b89ce2ab8492d70438d,7f27911c51087dc54b7f2fcb294fe7883cc7797c39f0d3c7e0330a2550c41ae6,8b79c5c30b5447a511bebeb2d55164bda8362887,bafe215694f111c4131022aa2d981aff913e142a619086dc9b0c83a25faef8af,g++ (Ubuntu 13.3.0-6ubuntu2~24.04.1) 13.3.0,-std=c++17 -O2 -DNDEBUG -Wall -Wextra
059,51,0,sa,15383,1017,1.8674284699955024,1,0,0,,44415,13181,21743,c6ed536bb0820e65bc4b0e13015aac69e664df516461a1cab6a02ff3d8f3e81f,57b1171ff2f7cf93103f675db07b420c23b93617bfff0274c008a8329d3311c7,aa36408ee208ac4dce62fb58971bbd4309feae1e018a974771df633e347ea299,8b79c5c30b5447a511bebeb2d55164bda8362887,bafe215694f111c4131022aa2d981aff913e142a619086dc9b0c83a25faef8af,g++ (Ubuntu 13.3.0-6ubuntu2~24.04.1) 13.3.0,-std=c++17 -O2 -DNDEBUG -Wall -Wextra
059,52,0,rrt2,15363,1037,1.8676778159860987,1,0,0,,48217,4415,36426,ef64142733c7cdd4de68ff48d009b164d66a3863278373186854f73951befd82,e3616487731473671d2454c7e9d27fb2e7902006e6dc5faba3bb92ef2360c4a2,7f27911c51087dc54b7f2fcb294fe7883cc7797c39f0d3c7e0330a2550c41ae6,8b79c5c30b5447a511bebeb2d55164bda8362887,bafe215694f111c4131022aa2d981aff913e142a619086dc9b0c83a25faef8af,g++ (Ubuntu 13.3.0-6ubuntu2~24.04.1) 13.3.0,-std=c++17 -O2 -DNDEBUG -Wall -Wextra
059,52,0,sa,15369,1031,1.8673635110026225,1,0,0,,45812,11684,26823,ef64142733c7cdd4de68ff48d009b164d66a3863278373186854f73951befd82,880059f160d1b07bf480e6fc5f318af5e9bb657541359e9022d39b44f68efe76,aa36408ee208ac4dce62fb58971bbd4309feae1e018a974771df633e347ea299,8b79c5c30b5447a511bebeb2d55164bda8362887,bafe215694f111c4131022aa2d981aff913e142a619086dc9b0c83a25faef8af,g++ (Ubuntu 13.3.0-6ubuntu2~24.04.1) 13.3.0,-std=c++17 -O2 -DNDEBUG -Wall -Wextra
059,52,0,legacy,15227,1173,1.8672995060042012,1,0,0,,,,,ef64142733c7cdd4de68ff48d009b164d66a3863278373186854f73951befd82,0a365626597257ceb29c2559e1ec42a043e40a24be0acb08ddd7950078f61302,b06e202dd922660ac6fa39e8d91a0d3c31047c2b202e63d160466ce654fa3b3f,8b79c5c30b5447a511bebeb2d55164bda8362887,bafe215694f111c4131022aa2d981aff913e142a619086dc9b0c83a25faef8af,g++ (Ubuntu 13.3.0-6ubuntu2~24.04.1) 13.3.0,-std=c++17 -O2 -DNDEBUG -Wall -Wextra
059,53,0,sa,15338,1062,1.86767227697419,1,0,0,,46312,11657,25643,0dba846fe7c3b5987d099bbabf2bd10e2996bd27f6c2517edcc4b72579241b12,8969134187ff3781d88064281691d2fbbe9519c1e7973d59e4987ffbf52e3a18,aa36408ee208ac4dce62fb58971bbd4309feae1e018a974771df633e347ea299,8b79c5c30b5447a511bebeb2d55164bda8362887,bafe215694f111c4131022aa2d981aff913e142a619086dc9b0c83a25faef8af,g++ (Ubuntu 13.3.0-6ubuntu2~24.04.1) 13.3.0,-std=c++17 -O2 -DNDEBUG -Wall -Wextra
059,53,0,legacy,15210,1190,1.867270440008724,1,0,0,,,,,0dba846fe7c3b5987d099bbabf2bd10e2996bd27f6c2517edcc4b72579241b12,08cacf772d256e432e7c6f0d2f74e00f3be3ed624ad4323e43bbe9d6023ad1e4,b06e202dd922660ac6fa39e8d91a0d3c31047c2b202e63d160466ce654fa3b3f,8b79c5c30b5447a511bebeb2d55164bda8362887,bafe215694f111c4131022aa2d981aff913e142a619086dc9b0c83a25faef8af,g++ (Ubuntu 13.3.0-6ubuntu2~24.04.1) 13.3.0,-std=c++17 -O2 -DNDEBUG -Wall -Wextra
059,53,0,rrt2,15324,1076,1.8673459500132594,1,0,0,,48048,3654,35105,0dba846fe7c3b5987d099bbabf2bd10e2996bd27f6c2517edcc4b72579241b12,92840d91f68471196ac3d3958a10dfb2ed9cf6c8e4c44a3ee14bdaf00c2e1e56,7f27911c51087dc54b7f2fcb294fe7883cc7797c39f0d3c7e0330a2550c41ae6,8b79c5c30b5447a511bebeb2d55164bda8362887,bafe215694f111c4131022aa2d981aff913e142a619086dc9b0c83a25faef8af,g++ (Ubuntu 13.3.0-6ubuntu2~24.04.1) 13.3.0,-std=c++17 -O2 -DNDEBUG -Wall -Wextra
059,54,0,legacy,15188,1212,1.8673920359869953,1,0,0,,,,,cf51ac3bf04bd20996bcfe1aa6c7ce470d8ff4c323d8f57daf39d9fb51f32a3e,a4091bf6086bad6a944676495f6511b0b10a8efa935c0b44c0a175ba8cdd81a9,b06e202dd922660ac6fa39e8d91a0d3c31047c2b202e63d160466ce654fa3b3f,8b79c5c30b5447a511bebeb2d55164bda8362887,bafe215694f111c4131022aa2d981aff913e142a619086dc9b0c83a25faef8af,g++ (Ubuntu 13.3.0-6ubuntu2~24.04.1) 13.3.0,-std=c++17 -O2 -DNDEBUG -Wall -Wextra
059,54,0,rrt2,15356,1044,1.8670631349959876,1,0,0,,47441,4206,35221,cf51ac3bf04bd20996bcfe1aa6c7ce470d8ff4c323d8f57daf39d9fb51f32a3e,ff18185b4eb5d0eedfc65ddb7ea61c59ccb9838ad27790fcda36d4de97a68898,7f27911c51087dc54b7f2fcb294fe7883cc7797c39f0d3c7e0330a2550c41ae6,8b79c5c30b5447a511bebeb2d55164bda8362887,bafe215694f111c4131022aa2d981aff913e142a619086dc9b0c83a25faef8af,g++ (Ubuntu 13.3.0-6ubuntu2~24.04.1) 13.3.0,-std=c++17 -O2 -DNDEBUG -Wall -Wextra
059,54,0,sa,15368,1032,1.8678589900082443,1,0,0,,46786,11775,26616,cf51ac3bf04bd20996bcfe1aa6c7ce470d8ff4c323d8f57daf39d9fb51f32a3e,89670a8a786b52ae422ff98a38ea9ad43f85e19de1e2b0dc4c76d4283cfb6a67,aa36408ee208ac4dce62fb58971bbd4309feae1e018a974771df633e347ea299,8b79c5c30b5447a511bebeb2d55164bda8362887,bafe215694f111c4131022aa2d981aff913e142a619086dc9b0c83a25faef8af,g++ (Ubuntu 13.3.0-6ubuntu2~24.04.1) 13.3.0,-std=c++17 -O2 -DNDEBUG -Wall -Wextra
059,55,0,rrt2,15355,1045,1.8674566950066946,1,0,0,,48649,5189,35522,1aa870cfd3df3984963bf2b0634110ac117c3417321f72edbc094fba986ff110,678e0ae0477028f0f388dfb8fd9e7bbbcf491cbf05ffcb77de38bbe4a7c8afc0,7f27911c51087dc54b7f2fcb294fe7883cc7797c39f0d3c7e0330a2550c41ae6,8b79c5c30b5447a511bebeb2d55164bda8362887,bafe215694f111c4131022aa2d981aff913e142a619086dc9b0c83a25faef8af,g++ (Ubuntu 13.3.0-6ubuntu2~24.04.1) 13.3.0,-std=c++17 -O2 -DNDEBUG -Wall -Wextra
059,55,0,sa,15379,1021,1.8675392770092003,1,0,0,,44539,12109,24061,1aa870cfd3df3984963bf2b0634110ac117c3417321f72edbc094fba986ff110,0f74d9756a1ece3b567e5c84f44575bc8652a4be40c4ca75485eaca3b9f794e9,aa36408ee208ac4dce62fb58971bbd4309feae1e018a974771df633e347ea299,8b79c5c30b5447a511bebeb2d55164bda8362887,bafe215694f111c4131022aa2d981aff913e142a619086dc9b0c83a25faef8af,g++ (Ubuntu 13.3.0-6ubuntu2~24.04.1) 13.3.0,-std=c++17 -O2 -DNDEBUG -Wall -Wextra
059,55,0,legacy,15196,1204,1.8676232839934528,1,0,0,,,,,1aa870cfd3df3984963bf2b0634110ac117c3417321f72edbc094fba986ff110,3214fddaa879425c18da0742245394bd49321704dcdf5fa9f50a4c9a07e91a1c,b06e202dd922660ac6fa39e8d91a0d3c31047c2b202e63d160466ce654fa3b3f,8b79c5c30b5447a511bebeb2d55164bda8362887,bafe215694f111c4131022aa2d981aff913e142a619086dc9b0c83a25faef8af,g++ (Ubuntu 13.3.0-6ubuntu2~24.04.1) 13.3.0,-std=c++17 -O2 -DNDEBUG -Wall -Wextra
059,56,0,sa,15375,1025,1.8673504129983485,1,0,0,,45412,13251,23220,6910805eba976502374641e31e33822523de10362b15bde59368fac88b949593,69aa0f3d150689fb16bfb1826f713b88d0a25302ce7dd4baeceb06b04e282290,aa36408ee208ac4dce62fb58971bbd4309feae1e018a974771df633e347ea299,8b79c5c30b5447a511bebeb2d55164bda8362887,bafe215694f111c4131022aa2d981aff913e142a619086dc9b0c83a25faef8af,g++ (Ubuntu 13.3.0-6ubuntu2~24.04.1) 13.3.0,-std=c++17 -O2 -DNDEBUG -Wall -Wextra
059,56,0,legacy,15185,1215,1.867313163005747,1,0,0,,,,,6910805eba976502374641e31e33822523de10362b15bde59368fac88b949593,f9334d2b79e06c17bcef8d812b977a340ffa2a928310b4d8f827fe4856bfad4a,b06e202dd922660ac6fa39e8d91a0d3c31047c2b202e63d160466ce654fa3b3f,8b79c5c30b5447a511bebeb2d55164bda8362887,bafe215694f111c4131022aa2d981aff913e142a619086dc9b0c83a25faef8af,g++ (Ubuntu 13.3.0-6ubuntu2~24.04.1) 13.3.0,-std=c++17 -O2 -DNDEBUG -Wall -Wextra
059,56,0,rrt2,15368,1032,1.8673936429840978,1,0,0,,48208,4899,35258,6910805eba976502374641e31e33822523de10362b15bde59368fac88b949593,f85ec5126705258658fc49a8b1b98d7333f558338c999cc1c48619178a529df7,7f27911c51087dc54b7f2fcb294fe7883cc7797c39f0d3c7e0330a2550c41ae6,8b79c5c30b5447a511bebeb2d55164bda8362887,bafe215694f111c4131022aa2d981aff913e142a619086dc9b0c83a25faef8af,g++ (Ubuntu 13.3.0-6ubuntu2~24.04.1) 13.3.0,-std=c++17 -O2 -DNDEBUG -Wall -Wextra
059,57,0,legacy,15172,1228,1.8672642620222177,1,0,0,,,,,bfbcbfc6ce5ee9e541571b8c46ba3e0f309339692df33d6bd903bcbfb3990d97,378cfa81b544f644ebda2c8c1317b76081b34f65db742ce7b3d0bc7acb4e2599,b06e202dd922660ac6fa39e8d91a0d3c31047c2b202e63d160466ce654fa3b3f,8b79c5c30b5447a511bebeb2d55164bda8362887,bafe215694f111c4131022aa2d981aff913e142a619086dc9b0c83a25faef8af,g++ (Ubuntu 13.3.0-6ubuntu2~24.04.1) 13.3.0,-std=c++17 -O2 -DNDEBUG -Wall -Wextra
059,57,0,rrt2,15338,1062,1.8672726770164445,1,0,0,,47215,3572,35578,bfbcbfc6ce5ee9e541571b8c46ba3e0f309339692df33d6bd903bcbfb3990d97,8ae40784d6f3108cdac5e7357031b60a176837988c727d8b640bd1dc8b292ff4,7f27911c51087dc54b7f2fcb294fe7883cc7797c39f0d3c7e0330a2550c41ae6,8b79c5c30b5447a511bebeb2d55164bda8362887,bafe215694f111c4131022aa2d981aff913e142a619086dc9b0c83a25faef8af,g++ (Ubuntu 13.3.0-6ubuntu2~24.04.1) 13.3.0,-std=c++17 -O2 -DNDEBUG -Wall -Wextra
059,57,0,sa,15344,1056,1.867454410996288,1,0,0,,44801,11632,24439,bfbcbfc6ce5ee9e541571b8c46ba3e0f309339692df33d6bd903bcbfb3990d97,781cfc05de983b9c3efbc22a079e3460666a3e73e810ae3720052fd455e6e755,aa36408ee208ac4dce62fb58971bbd4309feae1e018a974771df633e347ea299,8b79c5c30b5447a511bebeb2d55164bda8362887,bafe215694f111c4131022aa2d981aff913e142a619086dc9b0c83a25faef8af,g++ (Ubuntu 13.3.0-6ubuntu2~24.04.1) 13.3.0,-std=c++17 -O2 -DNDEBUG -Wall -Wextra
059,58,0,rrt2,15336,1064,1.8677703950088471,1,0,0,,48259,2635,39055,3312ca56a917417eae57de96814a7692fa717f961be2cdcee4d5a429f843ba95,98202e5b0c892f77774736ade74cc2146f56658005e7477e931e6615675e3b99,7f27911c51087dc54b7f2fcb294fe7883cc7797c39f0d3c7e0330a2550c41ae6,8b79c5c30b5447a511bebeb2d55164bda8362887,bafe215694f111c4131022aa2d981aff913e142a619086dc9b0c83a25faef8af,g++ (Ubuntu 13.3.0-6ubuntu2~24.04.1) 13.3.0,-std=c++17 -O2 -DNDEBUG -Wall -Wextra
059,58,0,sa,15341,1059,1.867134582978906,1,0,0,,45717,11323,26038,3312ca56a917417eae57de96814a7692fa717f961be2cdcee4d5a429f843ba95,007da0e1fb89d7389123113aaebedc3b5f93bc490014ea9d9f8ff7ddfb443e24,aa36408ee208ac4dce62fb58971bbd4309feae1e018a974771df633e347ea299,8b79c5c30b5447a511bebeb2d55164bda8362887,bafe215694f111c4131022aa2d981aff913e142a619086dc9b0c83a25faef8af,g++ (Ubuntu 13.3.0-6ubuntu2~24.04.1) 13.3.0,-std=c++17 -O2 -DNDEBUG -Wall -Wextra
059,58,0,legacy,15183,1217,1.8671917680185288,1,0,0,,,,,3312ca56a917417eae57de96814a7692fa717f961be2cdcee4d5a429f843ba95,b257bef381cb53667e03da317af7fb9c48be167c97bba090251478a8d8546da9,b06e202dd922660ac6fa39e8d91a0d3c31047c2b202e63d160466ce654fa3b3f,8b79c5c30b5447a511bebeb2d55164bda8362887,bafe215694f111c4131022aa2d981aff913e142a619086dc9b0c83a25faef8af,g++ (Ubuntu 13.3.0-6ubuntu2~24.04.1) 13.3.0,-std=c++17 -O2 -DNDEBUG -Wall -Wextra
059,59,0,sa,15333,1067,1.8672502819972578,1,0,0,,44224,11770,23762,88785bc6d86370cad92ef1a22cc8ad2cb202f2059a1fe4d5e8f34f1b8603a45c,ab45e1365728ab9dd7899102e08416e8aac0e32998e91959349c3eecbb1f81e6,aa36408ee208ac4dce62fb58971bbd4309feae1e018a974771df633e347ea299,8b79c5c30b5447a511bebeb2d55164bda8362887,bafe215694f111c4131022aa2d981aff913e142a619086dc9b0c83a25faef8af,g++ (Ubuntu 13.3.0-6ubuntu2~24.04.1) 13.3.0,-std=c++17 -O2 -DNDEBUG -Wall -Wextra
059,59,0,legacy,15155,1245,1.8673068080097437,1,0,0,,,,,88785bc6d86370cad92ef1a22cc8ad2cb202f2059a1fe4d5e8f34f1b8603a45c,f8f3fb0df0626cc7aa7de60f1dda00a81357e39925bee6ea4709721007551a12,b06e202dd922660ac6fa39e8d91a0d3c31047c2b202e63d160466ce654fa3b3f,8b79c5c30b5447a511bebeb2d55164bda8362887,bafe215694f111c4131022aa2d981aff913e142a619086dc9b0c83a25faef8af,g++ (Ubuntu 13.3.0-6ubuntu2~24.04.1) 13.3.0,-std=c++17 -O2 -DNDEBUG -Wall -Wextra
059,59,0,rrt2,15317,1083,1.86776611401001,1,0,0,,46911,4592,33348,88785bc6d86370cad92ef1a22cc8ad2cb202f2059a1fe4d5e8f34f1b8603a45c,ca49477a0e7d175b520135e0085aa2b3974ba02a5521c4eee9cb39d70d235098,7f27911c51087dc54b7f2fcb294fe7883cc7797c39f0d3c7e0330a2550c41ae6,8b79c5c30b5447a511bebeb2d55164bda8362887,bafe215694f111c4131022aa2d981aff913e142a619086dc9b0c83a25faef8af,g++ (Ubuntu 13.3.0-6ubuntu2~24.04.1) 13.3.0,-std=c++17 -O2 -DNDEBUG -Wall -Wextra
